asset_id,month_index,thickness_mm,pressure_bar,flow_m3h,temperature_C,vibration_mm_s,sensor_glitch_flag
AST-0001,0,7.182,58.57,285.46,22.49,2.523,False
AST-0001,1,7.156,61.98,272.0,21.96,2.43,False
AST-0001,2,7.152,61.87,266.71,18.38,2.535,False
AST-0001,3,7.138,62.56,269.79,15.99,2.612,False
AST-0001,4,7.119,64.23,246.27,16.64,2.55,False
AST-0001,5,7.111,60.75,242.59,13.9,2.57,False
AST-0001,6,7.113,60.81,246.23,14.59,2.537,False
AST-0001,7,7.115,56.77,217.52,15.82,2.496,False
AST-0001,8,7.138,55.11,247.29,17.35,2.518,False
AST-0001,9,7.116,56.36,245.95,22.89,2.576,False
AST-0001,10,7.115,56.49,258.01,22.45,2.48,False
AST-0001,11,7.109,61.52,263.93,25.25,2.518,False
AST-0001,12,7.109,58.29,275.28,24.02,2.502,False
AST-0001,13,7.115,58.93,256.15,21.49,2.556,False
AST-0001,14,7.13,61.89,270.0,21.05,2.427,False
AST-0001,15,7.106,63.25,270.29,16.52,2.517,False
AST-0001,16,7.107,63.49,241.07,14.74,2.509,False
AST-0001,17,7.1,60.14,233.96,13.15,2.445,False
AST-0001,18,7.104,60.64,225.21,13.37,2.469,False
AST-0001,19,7.094,57.76,238.86,13.48,2.498,False
AST-0001,20,7.085,57.08,241.56,18.91,2.4,False
AST-0001,21,7.076,55.5,256.17,20.25,2.403,False
AST-0001,22,7.096,56.63,251.02,22.14,2.554,False
AST-0001,23,7.091,54.87,269.2,24.02,2.516,False
AST-0001,24,7.095,62.59,261.09,23.78,2.416,False
AST-0001,25,7.073,60.68,282.23,21.62,2.495,False
AST-0001,26,7.068,59.5,263.59,19.51,2.52,False
AST-0001,27,7.068,61.7,261.0,15.03,2.469,False
AST-0001,28,7.053,63.39,253.34,14.02,2.507,False
AST-0001,29,7.058,59.67,238.33,12.34,2.508,False
AST-0001,30,7.066,59.61,234.82,14.28,2.499,False
AST-0001,31,7.072,58.12,244.16,13.37,2.517,False
AST-0001,32,7.066,57.8,229.05,17.89,2.419,False
AST-0001,33,7.049,55.1,238.49,19.18,2.43,False
AST-0001,34,7.049,57.54,257.43,22.88,2.512,False
AST-0001,35,7.053,57.99,274.35,24.73,2.429,False
AST-0002,0,13.479,63.62,387.96,55.33,2.85,False
AST-0002,1,13.458,69.06,375.87,54.04,2.808,False
AST-0002,2,13.443,66.93,403.19,51.49,2.903,False
AST-0002,3,13.412,66.75,395.24,47.52,2.805,False
AST-0002,4,13.397,66.21,385.45,44.98,2.895,False
AST-0002,5,13.384,62.48,369.52,43.43,2.879,False
AST-0002,6,13.368,63.01,368.52,46.1,2.812,False
AST-0002,7,13.341,62.5,349.82,47.69,2.768,False
AST-0002,8,13.343,61.72,357.17,52.74,2.791,False
AST-0002,9,13.31,61.98,355.89,53.13,2.846,False
AST-0002,10,13.302,60.46,356.73,55.03,2.869,False
AST-0002,11,13.303,63.17,386.47,55.07,2.832,False
AST-0002,12,13.298,62.38,402.77,54.73,2.878,False
AST-0002,13,13.281,64.48,402.37,53.18,2.768,False
AST-0002,14,13.271,63.92,395.53,50.83,2.965,False
AST-0002,15,13.254,64.5,379.53,48.88,2.73,False
AST-0002,16,13.22,65.11,377.2,47.77,2.838,False
AST-0002,17,13.228,65.65,363.35,44.83,2.853,False
AST-0002,18,13.185,64.1,343.44,47.32,2.776,False
AST-0002,19,13.136,60.15,348.39,48.0,2.875,False
AST-0002,20,13.103,59.56,365.03,48.98,2.872,False
AST-0002,21,13.04,60.77,349.73,53.57,2.899,False
AST-0002,22,12.983,59.11,366.52,54.24,2.918,False
AST-0002,23,12.913,59.56,383.53,54.62,2.871,False
AST-0002,24,12.867,60.91,398.91,54.45,3.179,False
AST-0002,25,12.818,62.05,410.7,54.84,3.032,False
AST-0002,26,12.755,66.21,392.39,48.86,2.98,False
AST-0002,27,12.724,65.8,394.62,47.08,3.12,False
AST-0002,28,12.679,64.18,373.12,46.18,3.016,False
AST-0002,29,12.635,63.47,345.28,46.32,3.204,False
AST-0002,30,12.607,61.87,356.76,46.45,3.256,False
AST-0002,31,12.562,56.97,361.37,49.15,3.102,False
AST-0002,32,12.498,58.28,353.62,51.1,3.147,False
AST-0002,33,12.45,59.51,360.26,54.38,2.971,False
AST-0002,34,12.417,57.95,352.34,54.93,3.018,False
AST-0002,35,12.367,60.56,389.55,56.28,3.202,False
AST-0003,0,9.48,70.76,485.21,39.27,0.804,False
AST-0003,1,9.469,73.14,481.17,37.21,0.711,False
AST-0003,2,9.478,74.02,502.67,36.82,0.689,False
AST-0003,3,9.454,72.64,478.63,30.84,0.784,False
AST-0003,4,9.443,70.58,473.18,31.88,0.731,False
AST-0003,5,9.455,71.43,451.83,28.4,0.793,False
AST-0003,6,9.456,69.5,460.7,30.98,0.764,False
AST-0003,7,9.458,68.88,448.31,31.56,0.792,False
AST-0003,8,9.444,68.56,419.87,35.65,0.618,False
AST-0003,9,9.424,66.85,441.34,35.92,0.822,False
AST-0003,10,9.404,67.65,453.95,38.42,0.719,False
AST-0003,11,9.387,66.25,471.95,39.04,0.835,False
AST-0003,12,9.361,70.28,472.02,38.8,0.73,False
AST-0003,13,9.351,69.99,464.99,37.45,0.68,False
AST-0003,14,9.351,71.62,504.6,35.46,0.783,False
AST-0003,15,9.348,73.65,467.37,33.76,0.71,False
AST-0003,16,9.344,73.17,461.35,30.58,0.758,False
AST-0003,17,9.33,72.19,456.75,29.52,0.81,False
AST-0003,18,9.324,70.49,466.95,29.04,0.809,False
AST-0003,19,9.312,71.19,451.72,32.2,0.742,False
AST-0003,20,9.305,66.55,446.14,34.66,0.732,False
AST-0003,21,9.31,67.91,461.46,37.24,0.819,False
AST-0003,22,9.296,68.19,464.95,38.47,0.881,False
AST-0003,23,9.294,162.77,478.5,38.5,2.188,True
AST-0003,24,9.297,72.99,490.23,39.46,0.85,False
AST-0003,25,9.288,70.84,492.61,38.3,0.771,False
AST-0003,26,9.277,72.82,471.25,33.93,0.799,False
AST-0003,27,9.266,72.61,490.7,32.35,0.803,False
AST-0003,28,9.255,74.03,463.13,31.85,0.721,False
AST-0003,29,9.237,72.82,476.81,29.19,0.701,False
AST-0003,30,9.221,71.08,451.01,29.26,0.809,False
AST-0003,31,9.2,73.11,450.5,32.61,0.746,False
AST-0003,32,9.196,66.09,434.57,36.18,0.784,False
AST-0003,33,9.19,67.07,465.65,36.98,0.797,False
AST-0003,34,9.184,65.62,446.09,38.74,0.773,False
AST-0003,35,9.175,68.91,454.42,38.99,0.791,False
AST-0004,0,9.053,49.4,664.53,64.6,2.905,False
AST-0004,1,9.033,52.83,674.91,63.27,2.938,False
AST-0004,2,9.033,55.02,674.33,58.34,2.859,False
AST-0004,3,9.017,52.34,678.8,56.46,2.855,False
AST-0004,4,8.995,53.45,664.05,55.71,2.919,False
AST-0004,5,8.976,51.77,646.97,55.38,2.923,False
AST-0004,6,8.965,50.21,636.88,55.23,3.005,False
AST-0004,7,8.943,50.21,634.99,59.03,2.876,False
AST-0004,8,8.932,46.98,638.71,59.96,2.911,False
AST-0004,9,8.915,46.61,670.22,62.06,2.859,False
AST-0004,10,8.906,48.91,649.4,63.79,2.892,False
AST-0004,11,8.896,46.99,665.4,65.17,2.911,False
AST-0004,12,8.871,48.99,665.6,63.19,2.96,False
AST-0004,13,8.846,53.48,702.09,60.77,2.858,False
AST-0004,14,8.837,51.09,668.77,58.84,2.912,False
AST-0004,15,8.813,53.87,670.83,57.13,3.001,False
AST-0004,16,8.814,51.2,637.53,55.53,2.889,False
AST-0004,17,8.775,52.43,652.08,53.68,2.845,False
AST-0004,18,8.672,47.32,635.36,55.05,2.884,False
AST-0004,19,8.569,49.25,644.82,56.4,2.898,False
AST-0004,20,8.46,48.7,649.13,60.89,2.976,False
AST-0004,21,8.364,44.06,644.11,60.9,3.105,False
AST-0004,22,8.261,47.78,674.9,63.94,3.081,False
AST-0004,23,8.169,46.2,662.77,64.47,3.22,False
AST-0004,24,8.081,50.79,675.74,63.51,2.953,False
AST-0004,25,7.99,50.26,680.72,60.1,3.298,False
AST-0004,26,7.877,52.35,647.99,59.27,3.232,False
AST-0004,27,7.77,51.65,646.33,57.05,3.311,False
AST-0004,28,7.667,46.04,642.15,57.4,3.401,False
AST-0004,29,7.554,50.01,649.4,54.97,3.509,False
AST-0004,30,7.448,50.31,649.19,54.61,3.772,False
AST-0004,31,7.351,45.55,629.11,55.8,3.299,False
AST-0004,32,7.23,46.05,649.13,59.38,3.511,False
AST-0004,33,7.124,45.12,640.3,62.07,3.571,False
AST-0004,34,7.011,44.8,629.21,64.18,3.14,False
AST-0004,35,6.918,43.19,665.77,64.53,3.768,False
AST-0005,0,11.821,77.12,268.06,45.22,2.478,False
AST-0005,1,11.766,80.03,269.61,45.16,2.485,False
AST-0005,2,11.739,76.72,262.39,42.44,2.547,False
AST-0005,3,11.683,78.91,250.4,40.05,2.613,False
AST-0005,4,11.632,79.42,235.23,38.36,2.432,False
AST-0005,5,11.594,81.29,230.4,34.23,2.512,False
AST-0005,6,11.554,77.27,223.55,37.89,2.41,False
AST-0005,7,11.507,74.98,207.05,39.42,2.543,False
AST-0005,8,11.487,75.86,208.75,41.48,2.442,False
AST-0005,9,11.452,74.13,225.87,44.32,2.464,False
AST-0005,10,11.41,73.76,233.51,44.07,2.501,False
AST-0005,11,11.394,75.1,243.28,48.2,2.402,False
AST-0005,12,11.343,79.44,252.5,45.56,2.517,False
AST-0005,13,11.322,78.48,278.59,44.11,2.492,False
AST-0005,14,11.262,79.14,260.72,43.94,2.411,False
AST-0005,15,11.232,80.56,251.5,38.61,2.438,False
AST-0005,16,11.183,79.81,244.76,38.14,2.438,False
AST-0005,17,11.135,82.81,230.18,36.21,2.525,False
AST-0005,18,11.101,76.8,231.7,36.27,2.466,False
AST-0005,19,11.051,75.0,204.72,36.83,2.424,False
AST-0005,20,11.013,73.02,218.32,40.4,2.465,False
AST-0005,21,10.967,74.43,227.7,43.29,2.503,False
AST-0005,22,10.936,184.01,221.86,45.93,8.007,True
AST-0005,23,10.894,75.85,251.29,46.51,2.492,False
AST-0005,24,10.841,77.4,268.1,45.49,2.525,False
AST-0005,25,10.791,82.22,261.87,42.35,2.459,False
AST-0005,26,10.745,80.37,270.98,42.6,2.548,False
AST-0005,27,10.691,80.94,262.98,39.26,2.457,False
AST-0005,28,10.649,81.21,245.3,36.98,2.487,False
AST-0005,29,10.604,76.34,231.79,38.45,2.476,False
AST-0005,30,10.545,78.43,225.59,36.73,2.541,False
AST-0005,31,10.494,76.72,225.59,38.89,2.478,False
AST-0005,32,10.463,73.51,209.13,41.79,2.518,False
AST-0005,33,10.419,73.92,240.19,43.68,2.462,False
AST-0005,34,10.36,72.2,247.17,44.04,2.481,False
AST-0005,35,10.341,76.49,248.49,44.52,2.529,False
AST-0006,0,10.369,82.85,748.7,59.23,3.0,False
AST-0006,1,10.33,86.06,767.67,58.86,2.987,False
AST-0006,2,10.292,82.53,749.43,56.22,3.047,False
AST-0006,3,10.248,84.02,755.49,52.87,3.028,False
AST-0006,4,10.199,84.22,748.48,49.58,3.086,False
AST-0006,5,10.158,80.24,723.89,50.75,2.993,False
AST-0006,6,10.113,80.34,738.57,49.85,2.989,False
AST-0006,7,10.088,78.16,719.35,52.42,2.912,False
AST-0006,8,10.045,77.65,719.59,52.16,2.944,False
AST-0006,9,10.001,77.0,747.06,55.88,2.944,False
AST-0006,10,9.965,77.73,738.79,59.91,3.052,False
AST-0006,11,9.931,79.79,740.6,59.41,2.979,False
AST-0006,12,9.884,80.66,755.98,59.7,2.949,False
AST-0006,13,9.851,81.2,751.7,58.83,2.97,False
AST-0006,14,9.822,84.19,782.99,53.9,2.883,False
AST-0006,15,9.796,84.12,746.24,52.67,2.931,False
AST-0006,16,9.757,82.24,735.23,50.06,2.907,False
AST-0006,17,9.721,82.05,729.4,49.49,2.946,False
AST-0006,18,9.673,80.46,729.31,49.7,2.997,False
AST-0006,19,9.633,76.99,725.85,52.82,2.967,False
AST-0006,20,9.606,76.33,724.93,52.26,2.966,False
AST-0006,21,9.59,76.23,720.16,56.5,2.96,False
AST-0006,22,9.547,79.3,741.8,58.95,2.935,False
AST-0006,23,9.523,80.91,762.32,59.68,2.969,False
AST-0006,24,9.518,81.61,756.99,58.98,3.014,False
AST-0006,25,9.495,82.44,761.94,57.5,2.986,False
AST-0006,26,9.471,84.02,771.96,53.22,2.987,False
AST-0006,27,9.441,82.8,750.4,54.25,2.915,False
AST-0006,28,9.419,86.34,737.61,50.39,2.958,False
AST-0006,29,9.387,86.34,746.04,48.66,3.011,False
AST-0006,30,9.371,82.68,736.06,50.99,2.955,False
AST-0006,31,9.329,80.24,717.38,49.97,2.984,False
AST-0006,32,9.306,79.51,726.83,54.77,3.022,False
AST-0006,33,9.288,77.35,739.38,56.03,2.944,False
AST-0006,34,9.236,79.79,748.05,59.53,3.007,False
AST-0006,35,9.204,79.01,776.81,60.02,2.955,False
AST-0007,0,13.47,62.49,364.99,28.98,2.054,False
AST-0007,1,13.465,65.63,366.11,26.54,2.031,False
AST-0007,2,13.449,65.35,362.41,25.47,2.025,False
AST-0007,3,13.43,66.22,348.2,21.49,2.062,False
AST-0007,4,13.44,64.93,334.4,19.71,2.039,False
AST-0007,5,13.436,63.42,332.69,17.98,2.096,False
AST-0007,6,13.418,59.6,333.37,20.55,2.005,False
AST-0007,7,13.41,63.18,346.48,19.86,2.182,False
AST-0007,8,13.391,60.77,319.48,24.45,2.051,False
AST-0007,9,13.379,60.71,337.16,26.34,2.112,False
AST-0007,10,13.363,58.32,335.82,27.93,2.026,False
AST-0007,11,13.344,60.18,370.69,30.77,2.069,False
AST-0007,12,13.319,61.82,365.3,28.63,2.012,False
AST-0007,13,13.303,62.24,397.79,26.24,1.994,False
AST-0007,14,13.278,64.61,370.71,23.05,2.023,False
AST-0007,15,13.288,65.09,335.59,21.02,2.03,False
AST-0007,16,13.275,64.97,357.1,21.1,2.114,False
AST-0007,17,13.262,64.18,339.46,19.05,2.04,False
AST-0007,18,13.249,61.77,323.75,19.22,1.996,False
AST-0007,19,13.239,59.12,335.32,20.97,1.987,False
AST-0007,20,13.235,58.7,329.85,25.1,2.058,False
AST-0007,21,13.22,58.18,355.29,26.5,1.945,False
AST-0007,22,13.191,61.68,364.58,27.48,2.102,False
AST-0007,23,13.18,58.5,349.94,28.73,2.102,False
AST-0007,24,13.168,59.89,360.93,28.22,2.1,False
AST-0007,25,13.148,62.28,339.8,25.55,2.128,False
AST-0007,26,13.146,66.97,377.64,24.92,2.042,False
AST-0007,27,13.135,67.31,362.24,23.07,2.115,False
AST-0007,28,13.118,64.07,323.0,18.22,2.006,False
AST-0007,29,13.107,63.69,357.55,18.18,2.055,False
AST-0007,30,13.105,61.95,314.38,21.29,2.023,False
AST-0007,31,13.096,61.95,326.7,21.5,2.028,False
AST-0007,32,13.084,58.14,328.19,23.34,2.172,False
AST-0007,33,13.059,58.62,339.0,25.18,2.035,False
AST-0007,34,13.034,59.65,360.11,29.14,2.138,False
AST-0007,35,13.001,59.68,348.72,28.19,2.173,False
AST-0008,0,12.237,40.41,790.61,54.28,2.378,False
AST-0008,1,12.211,45.85,794.85,54.19,2.331,False
AST-0008,2,12.199,42.46,806.75,52.56,2.222,False
AST-0008,3,12.165,44.42,781.59,49.46,2.325,False
AST-0008,4,12.161,42.15,782.08,47.53,2.353,False
AST-0008,5,12.139,43.95,774.1,46.87,2.32,False
AST-0008,6,12.121,42.7,760.39,46.27,2.3,False
AST-0008,7,12.106,40.04,763.66,49.7,2.396,False
AST-0008,8,12.097,36.86,759.88,50.79,2.268,False
AST-0008,9,12.084,36.81,764.44,54.97,2.335,False
AST-0008,10,12.064,37.78,777.51,56.04,2.346,False
AST-0008,11,12.054,40.6,789.66,55.12,2.363,False
AST-0008,12,12.044,40.8,777.98,55.0,2.377,False
AST-0008,13,12.037,42.66,793.16,54.14,2.362,False
AST-0008,14,12.027,43.64,805.88,53.42,2.291,False
AST-0008,15,12.017,46.55,777.88,50.96,2.292,False
AST-0008,16,11.993,102.08,774.13,48.42,5.978,True
AST-0008,17,11.987,41.09,771.59,47.95,2.405,False
AST-0008,18,11.966,41.94,754.91,47.01,2.283,False
AST-0008,19,11.944,39.59,765.31,49.36,2.337,False
AST-0008,20,11.926,38.83,753.37,51.61,2.358,False
AST-0008,21,11.907,36.88,762.34,52.67,2.388,False
AST-0008,22,11.884,41.17,775.57,58.82,2.313,False
AST-0008,23,11.869,39.87,795.94,56.57,2.414,False
AST-0008,24,11.848,39.45,799.42,56.12,2.294,False
AST-0008,25,11.803,41.92,783.82,53.91,2.322,False
AST-0008,26,11.779,44.43,789.73,52.52,2.281,False
AST-0008,27,11.77,42.03,799.86,50.32,2.374,False
AST-0008,28,11.744,40.77,787.98,47.81,2.356,False
AST-0008,29,11.735,40.07,762.12,47.3,2.359,False
AST-0008,30,11.727,39.73,758.01,45.8,2.254,False
AST-0008,31,11.708,37.54,757.27,49.87,2.26,False
AST-0008,32,11.679,37.59,754.9,52.4,2.309,False
AST-0008,33,11.656,37.3,772.4,54.11,2.376,False
AST-0008,34,11.638,38.12,784.51,54.76,2.376,False
AST-0008,35,11.632,41.13,809.92,57.69,2.396,False
AST-0009,0,9.815,64.75,510.52,19.29,2.908,False
AST-0009,1,9.801,67.65,502.66,19.63,2.986,False
AST-0009,2,9.768,65.72,59.45,15.81,2.944,True
AST-0009,3,9.74,66.58,484.84,14.98,2.94,False
AST-0009,4,9.716,65.34,498.14,11.75,2.948,False
AST-0009,5,9.676,65.03,474.99,11.32,2.876,False
AST-0009,6,9.635,64.11,474.66,8.9,2.929,False
AST-0009,7,9.619,64.97,464.29,13.12,2.912,False
AST-0009,8,9.606,63.69,448.66,14.95,2.911,False
AST-0009,9,9.574,61.01,489.77,17.53,2.981,False
AST-0009,10,9.539,61.64,476.3,20.05,2.945,False
AST-0009,11,9.509,62.47,502.91,21.61,2.928,False
AST-0009,12,9.483,65.67,524.98,21.68,2.98,False
AST-0009,13,9.454,67.08,514.55,18.08,2.909,False
AST-0009,14,9.423,67.19,506.69,17.75,2.974,False
AST-0009,15,9.406,69.55,506.08,12.5,2.915,False
AST-0009,16,9.374,68.81,491.32,12.7,2.934,False
AST-0009,17,9.352,66.38,478.02,9.33,2.911,False
AST-0009,18,9.33,64.48,475.58,10.57,2.849,False
AST-0009,19,9.298,65.88,475.38,11.83,2.919,False
AST-0009,20,9.272,63.06,460.59,15.79,2.952,False
AST-0009,21,9.256,61.33,449.69,17.65,2.905,False
AST-0009,22,9.23,62.17,464.0,20.48,2.884,False
AST-0009,23,9.219,63.39,493.87,21.47,2.937,False
AST-0009,24,9.21,62.63,498.52,20.73,2.9,False
AST-0009,25,9.188,64.9,504.73,19.31,2.947,False
AST-0009,26,9.171,67.34,509.57,16.64,2.906,False
AST-0009,27,9.151,66.24,481.07,13.32,2.879,False
AST-0009,28,9.121,66.09,485.87,10.26,2.906,False
AST-0009,29,9.089,65.28,488.88,9.7,2.868,False
AST-0009,30,9.048,65.59,470.3,9.45,2.83,False
AST-0009,31,9.027,61.69,468.21,13.41,2.978,False
AST-0009,32,8.99,62.26,468.61,16.78,2.882,False
AST-0009,33,8.962,62.42,481.98,20.15,2.97,False
AST-0009,34,8.924,61.74,487.66,18.99,2.957,False
AST-0009,35,8.899,62.92,515.96,23.15,2.933,False
AST-0010,0,8.962,60.81,281.6,24.87,2.676,False
AST-0010,1,8.917,65.31,276.67,25.04,2.594,False
AST-0010,2,8.871,64.37,268.8,21.07,2.572,False
AST-0010,3,8.812,66.66,257.0,21.25,2.688,False
AST-0010,4,8.777,65.86,271.6,16.52,2.671,False
AST-0010,5,8.741,64.82,256.16,16.43,2.685,False
AST-0010,6,8.69,62.93,259.14,18.1,2.654,False
AST-0010,7,8.655,58.3,235.62,18.73,2.653,False
AST-0010,8,8.617,60.52,258.17,21.21,2.671,False
AST-0010,9,8.566,59.57,242.44,24.15,2.723,False
AST-0010,10,8.523,59.84,253.84,26.49,2.571,False
AST-0010,11,8.474,60.65,271.28,27.33,2.638,False
AST-0010,12,8.43,60.53,282.38,26.14,2.562,False
AST-0010,13,8.376,63.69,271.89,23.27,2.635,False
AST-0010,14,8.34,66.17,286.44,22.85,2.574,False
AST-0010,15,8.305,65.91,267.82,20.01,2.658,False
AST-0010,16,8.263,63.81,259.6,19.44,2.693,False
AST-0010,17,8.219,62.0,244.13,17.96,2.556,False
AST-0010,18,8.183,61.3,252.42,17.94,2.6,False
AST-0010,19,8.144,58.23,243.48,20.39,2.725,False
AST-0010,20,8.118,59.75,255.89,22.16,2.68,False
AST-0010,21,8.081,57.7,235.37,24.33,2.65,False
AST-0010,22,8.056,59.99,284.75,26.06,2.638,False
AST-0010,23,7.998,58.58,276.36,26.09,2.613,False
AST-0010,24,7.946,64.32,286.46,26.08,2.765,False
AST-0010,25,7.914,60.45,299.09,25.77,2.762,False
AST-0010,26,7.861,64.32,290.99,20.73,2.714,False
AST-0010,27,7.823,65.58,268.3,19.25,2.618,False
AST-0010,28,7.784,61.44,274.71,19.03,2.606,False
AST-0010,29,7.749,63.61,249.7,16.05,2.693,False
AST-0010,30,7.69,61.69,239.06,18.59,2.672,False
AST-0010,31,7.64,59.14,243.9,18.84,2.576,False
AST-0010,32,7.589,59.37,233.92,19.88,2.724,False
AST-0010,33,7.557,58.21,239.57,25.41,2.621,False
AST-0010,34,7.519,61.16,266.78,26.84,2.677,False
AST-0010,35,7.477,59.77,293.48,25.98,2.641,False
AST-0011,0,13.879,55.49,325.99,21.63,1.843,False
AST-0011,1,13.847,57.83,320.81,20.35,1.935,False
AST-0011,2,13.815,57.05,338.73,18.66,1.864,False
AST-0011,3,13.792,56.9,333.65,15.53,1.858,False
AST-0011,4,13.752,59.15,320.25,12.8,1.77,False
AST-0011,5,13.733,55.93,309.33,12.78,1.775,False
AST-0011,6,13.716,54.37,295.52,14.79,1.825,False
AST-0011,7,13.683,53.77,297.4,16.39,1.87,False
AST-0011,8,13.656,51.71,293.78,19.12,1.859,False
AST-0011,9,13.626,52.55,316.32,21.83,1.882,False
AST-0011,10,13.586,53.22,325.54,23.18,1.849,False
AST-0011,11,13.552,58.25,325.59,23.87,1.814,False
AST-0011,12,13.51,54.47,332.25,21.78,1.798,False
AST-0011,13,13.477,61.18,336.47,20.05,1.881,False
AST-0011,14,13.437,57.65,331.62,19.11,1.874,False
AST-0011,15,13.416,58.18,318.25,17.13,1.747,False
AST-0011,16,13.381,58.53,327.01,14.68,1.895,False
AST-0011,17,13.35,58.37,318.5,13.4,1.769,False
AST-0011,18,13.318,57.11,293.97,13.37,1.859,False
AST-0011,19,13.31,54.54,281.66,14.98,1.904,False
AST-0011,20,13.296,52.39,302.82,20.13,1.812,False
AST-0011,21,13.254,51.92,316.58,19.42,1.828,False
AST-0011,22,13.238,54.14,318.72,22.57,1.799,False
AST-0011,23,13.208,55.45,303.08,22.96,1.844,False
AST-0011,24,13.177,55.88,333.94,22.84,1.824,False
AST-0011,25,13.155,55.88,339.51,21.9,1.914,False
AST-0011,26,13.119,59.92,337.3,19.08,1.82,False
AST-0011,27,13.084,58.83,333.32,15.61,1.788,False
AST-0011,28,13.059,56.91,335.42,15.03,1.865,False
AST-0011,29,13.035,56.72,297.16,13.75,1.851,False
AST-0011,30,13.008,51.98,302.39,17.01,1.88,False
AST-0011,31,12.975,52.87,286.65,15.57,1.841,False
AST-0011,32,12.96,52.9,298.31,18.74,1.776,False
AST-0011,33,12.945,54.94,292.2,19.81,1.857,False
AST-0011,34,12.916,53.72,319.39,21.87,1.812,False
AST-0011,35,12.902,54.58,318.1,24.12,1.771,False
AST-0012,0,11.716,66.18,325.21,22.57,1.06,False
AST-0012,1,11.697,65.47,314.77,20.28,1.104,False
AST-0012,2,11.679,71.38,329.6,19.23,1.105,False
AST-0012,3,11.663,68.75,312.81,18.8,0.993,False
AST-0012,4,11.642,66.45,332.66,16.78,1.049,False
AST-0012,5,11.633,67.23,305.85,12.81,1.084,False
AST-0012,6,11.599,65.62,290.34,14.56,1.073,False
AST-0012,7,11.559,62.46,283.87,14.78,1.02,False
AST-0012,8,11.524,65.15,304.38,18.17,1.133,False
AST-0012,9,11.492,65.32,308.53,20.21,1.031,False
AST-0012,10,11.449,63.42,330.32,20.54,1.07,False
AST-0012,11,11.424,68.17,326.7,23.01,1.074,False
AST-0012,12,11.401,67.57,328.73,22.15,1.138,False
AST-0012,13,11.364,66.91,335.77,20.53,1.023,False
AST-0012,14,11.339,67.14,320.32,19.13,1.085,False
AST-0012,15,11.314,69.54,332.12,16.1,1.11,False
AST-0012,16,11.28,68.31,315.56,12.99,1.033,False
AST-0012,17,11.259,68.25,320.98,12.55,1.087,False
AST-0012,18,11.231,65.06,307.38,13.21,1.123,False
AST-0012,19,11.206,62.71,300.74,16.43,1.087,False
AST-0012,20,11.161,63.03,297.23,18.43,1.031,False
AST-0012,21,11.126,63.48,314.25,22.24,1.081,False
AST-0012,22,11.079,64.95,314.03,22.52,1.083,False
AST-0012,23,11.061,62.28,318.49,22.45,1.041,False
AST-0012,24,11.032,66.39,322.77,22.52,1.102,False
AST-0012,25,11.008,67.84,360.15,21.32,1.038,False
AST-0012,26,10.975,68.47,335.65,17.46,1.025,False
AST-0012,27,10.945,68.25,327.22,16.42,1.117,False
AST-0012,28,10.91,67.88,324.85,14.74,1.116,False
AST-0012,29,10.873,67.45,311.47,14.52,1.04,False
AST-0012,30,10.84,66.72,293.12,13.82,1.068,False
AST-0012,31,10.811,64.36,296.61,16.96,1.012,False
AST-0012,32,10.805,62.77,296.46,17.46,1.128,False
AST-0012,33,10.773,62.54,317.64,20.5,1.032,False
AST-0012,34,10.746,64.63,340.01,22.57,1.035,False
AST-0012,35,10.709,61.95,332.86,24.23,1.095,False
AST-0013,0,13.598,47.04,723.41,28.7,0.926,False
AST-0013,1,13.578,48.21,744.32,26.32,0.813,False
AST-0013,2,13.551,49.93,741.48,22.61,0.821,False
AST-0013,3,13.546,49.41,749.04,20.71,0.904,False
AST-0013,4,13.533,47.01,741.88,18.03,0.87,False
AST-0013,5,13.529,46.46,735.42,18.1,0.803,False
AST-0013,6,13.515,51.06,716.79,17.95,0.924,False
AST-0013,7,13.499,47.37,709.63,18.24,0.833,False
AST-0013,8,13.48,42.02,706.14,21.84,0.871,False
AST-0013,9,13.454,43.56,706.64,23.63,0.88,False
AST-0013,10,13.441,43.73,718.45,25.93,0.848,False
AST-0013,11,13.416,45.28,740.67,27.11,0.799,False
AST-0013,12,13.396,46.38,103.41,26.64,0.913,True
AST-0013,13,13.382,47.95,754.74,25.4,0.817,False
AST-0013,14,13.356,49.7,754.3,22.34,0.917,False
AST-0013,15,13.338,46.41,721.16,21.11,0.813,False
AST-0013,16,13.318,51.65,745.61,18.54,0.853,False
AST-0013,17,13.291,46.86,721.94,18.2,0.881,False
AST-0013,18,13.278,47.94,726.03,18.81,0.939,False
AST-0013,19,13.246,45.19,743.5,18.79,0.819,False
AST-0013,20,13.227,46.2,706.31,23.31,0.911,False
AST-0013,21,13.222,44.99,732.25,25.56,0.863,False
AST-0013,22,13.207,44.24,730.13,26.1,0.801,False
AST-0013,23,13.19,44.33,742.09,28.35,0.822,False
AST-0013,24,13.177,45.22,752.42,25.59,0.813,False
AST-0013,25,13.18,49.05,765.86,25.4,0.868,False
AST-0013,26,13.169,49.77,741.83,22.87,0.813,False
AST-0013,27,13.142,48.6,728.86,19.71,0.873,False
AST-0013,28,13.123,47.89,739.37,18.56,0.834,False
AST-0013,29,13.094,43.57,729.57,17.43,0.832,False
AST-0013,30,13.086,44.85,712.63,18.74,0.831,False
AST-0013,31,13.08,46.3,711.54,20.43,0.84,False
AST-0013,32,13.048,42.99,708.56,23.5,0.817,False
AST-0013,33,13.033,42.87,722.56,27.05,0.87,False
AST-0013,34,13.014,43.33,730.26,27.2,0.852,False
AST-0013,35,12.993,43.56,730.46,30.88,0.817,False
AST-0014,0,6.923,50.05,305.38,28.43,0.765,False
AST-0014,1,6.892,52.37,308.61,27.7,0.681,False
AST-0014,2,6.875,51.56,280.25,27.25,0.669,False
AST-0014,3,6.864,52.88,284.73,21.32,0.693,False
AST-0014,4,6.85,50.21,284.7,20.12,0.622,False
AST-0014,5,6.825,50.29,269.21,22.64,0.691,False
AST-0014,6,6.812,48.44,244.17,22.08,0.695,False
AST-0014,7,6.798,48.94,247.34,22.17,0.616,False
AST-0014,8,6.772,43.44,249.95,25.06,0.649,False
AST-0014,9,6.737,46.81,276.8,27.05,0.709,False
AST-0014,10,6.723,47.66,265.63,31.33,0.682,False
AST-0014,11,6.718,46.45,280.42,30.89,0.676,False
AST-0014,12,6.711,47.44,299.21,29.74,0.639,False
AST-0014,13,6.696,52.74,297.51,28.8,0.67,False
AST-0014,14,6.665,51.73,308.1,25.38,0.665,False
AST-0014,15,6.637,52.8,297.34,24.94,0.731,False
AST-0014,16,6.634,50.89,273.77,22.31,0.682,False
AST-0014,17,6.62,48.6,273.16,19.03,0.7,False
AST-0014,18,6.602,52.2,274.51,20.69,0.714,False
AST-0014,19,6.595,48.34,241.3,22.72,0.622,False
AST-0014,20,6.59,47.38,265.28,26.59,0.673,False
AST-0014,21,6.576,44.32,276.12,28.33,0.797,False
AST-0014,22,6.562,45.88,284.04,30.12,0.67,False
AST-0014,23,6.552,49.32,297.42,30.62,0.657,False
AST-0014,24,6.544,49.78,292.19,31.99,0.717,False
AST-0014,25,6.522,51.22,297.67,29.31,0.693,False
AST-0014,26,6.506,52.58,302.93,26.19,0.641,False
AST-0014,27,6.501,52.98,290.47,25.34,0.628,False
AST-0014,28,6.494,52.42,270.08,21.1,0.565,False
AST-0014,29,6.483,48.61,284.55,19.37,0.713,False
AST-0014,30,6.45,50.46,255.95,20.2,0.703,False
AST-0014,31,6.436,49.75,255.4,22.85,0.721,False
AST-0014,32,6.421,46.31,247.7,24.13,0.689,False
AST-0014,33,6.404,47.9,260.18,27.5,0.683,False
AST-0014,34,6.373,94.94,284.82,31.53,1.243,True
AST-0014,35,6.354,46.18,298.94,31.69,0.687,False
AST-0015,0,12.751,84.08,699.78,24.41,0.893,False
AST-0015,1,12.706,84.26,719.38,25.2,0.862,False
AST-0015,2,12.646,82.93,705.8,20.42,0.859,False
AST-0015,3,12.589,85.4,661.66,18.78,0.876,False
AST-0015,4,12.546,85.49,681.51,18.25,0.859,False
AST-0015,5,12.483,84.26,663.44,13.26,0.82,False
AST-0015,6,12.435,83.42,666.25,17.42,0.829,False
AST-0015,7,12.378,82.97,644.54,17.33,0.886,False
AST-0015,8,12.323,79.18,671.39,21.08,0.826,False
AST-0015,9,12.259,82.06,678.21,22.81,0.841,False
AST-0015,10,12.209,79.91,670.07,26.05,0.787,False
AST-0015,11,12.156,83.71,686.53,24.99,0.816,False
AST-0015,12,12.132,80.72,725.73,25.82,0.788,False
AST-0015,13,12.079,84.99,719.96,23.97,0.817,False
AST-0015,14,12.034,83.27,681.76,19.59,0.799,False
AST-0015,15,11.979,83.42,660.96,17.56,0.82,False
AST-0015,16,11.912,83.9,691.34,16.59,0.841,False
AST-0015,17,11.86,82.57,674.12,15.47,0.796,False
AST-0015,18,11.804,81.55,76.34,16.05,0.8,True
AST-0015,19,11.768,80.18,667.28,17.09,0.97,False
AST-0015,20,11.703,80.82,682.34,19.42,0.715,False
AST-0015,21,11.645,79.45,673.54,24.08,0.863,False
AST-0015,22,11.603,77.98,696.79,24.86,0.812,False
AST-0015,23,11.557,79.66,677.93,24.16,0.834,False
AST-0015,24,11.494,82.66,701.07,24.48,0.837,False
AST-0015,25,11.435,83.58,712.36,23.59,0.883,False
AST-0015,26,11.401,85.22,706.61,21.73,0.865,False
AST-0015,27,11.357,86.05,696.66,18.04,0.899,False
AST-0015,28,11.311,141.64,691.22,16.25,1.983,True
AST-0015,29,11.259,83.19,674.89,16.83,0.827,False
AST-0015,30,11.204,81.73,663.2,15.84,0.956,False
AST-0015,31,11.156,80.72,653.8,18.68,0.884,False
AST-0015,32,11.106,79.45,662.77,20.13,0.834,False
AST-0015,33,11.047,77.38,660.27,21.01,0.887,False
AST-0015,34,10.99,77.48,698.49,24.15,0.852,False
AST-0015,35,10.948,79.9,692.55,28.52,0.859,False
AST-0016,0,11.08,72.53,423.01,55.59,2.671,False
AST-0016,1,11.047,72.71,415.66,55.28,2.685,False
AST-0016,2,11.016,74.57,413.45,54.48,2.692,False
AST-0016,3,10.994,73.15,434.8,52.19,2.602,False
AST-0016,4,10.952,72.59,416.54,48.74,2.706,False
AST-0016,5,10.912,70.96,390.75,48.74,2.715,False
AST-0016,6,10.867,69.44,374.07,51.12,2.658,False
AST-0016,7,10.833,68.73,380.34,50.78,2.686,False
AST-0016,8,10.821,70.36,384.93,53.8,2.619,False
AST-0016,9,10.793,69.34,387.52,56.53,2.656,False
AST-0016,10,10.761,69.46,384.34,56.45,2.591,False
AST-0016,11,10.734,66.21,406.01,56.66,2.637,False
AST-0016,12,10.695,128.03,410.98,56.7,5.427,True
AST-0016,13,10.667,71.67,420.94,56.39,2.79,False
AST-0016,14,10.634,74.55,407.29,53.52,2.662,False
AST-0016,15,10.615,74.03,421.65,52.12,2.645,False
AST-0016,16,10.589,72.23,426.66,49.71,2.629,False
AST-0016,17,10.568,69.83,384.6,48.27,2.735,False
AST-0016,18,10.527,68.48,381.94,49.42,2.657,False
AST-0016,19,10.488,68.11,386.46,52.39,2.68,False
AST-0016,20,10.447,65.33,375.39,52.39,2.646,False
AST-0016,21,10.406,69.02,396.46,55.33,2.584,False
AST-0016,22,10.371,67.81,424.3,59.01,2.728,False
AST-0016,23,10.341,68.49,405.6,59.17,2.706,False
AST-0016,24,10.294,70.29,403.72,58.19,2.702,False
AST-0016,25,10.262,72.88,426.03,55.28,2.618,False
AST-0016,26,10.215,73.22,436.91,55.22,2.723,False
AST-0016,27,10.163,73.94,411.13,50.94,2.701,False
AST-0016,28,10.121,71.3,408.83,49.1,2.675,False
AST-0016,29,10.088,74.47,408.86,49.07,2.687,False
AST-0016,30,10.041,68.89,386.58,47.32,2.744,False
AST-0016,31,10.005,65.45,390.29,49.89,2.655,False
AST-0016,32,9.968,66.8,379.91,53.35,2.668,False
AST-0016,33,9.936,67.64,391.59,54.36,2.738,False
AST-0016,34,9.906,66.6,404.72,58.33,2.745,False
AST-0016,35,9.865,68.93,396.24,60.57,2.616,False
AST-0017,0,6.992,54.31,517.18,56.52,1.027,False
AST-0017,1,6.991,57.08,526.47,54.65,0.993,False
AST-0017,2,6.995,57.64,526.11,51.53,0.923,False
AST-0017,3,6.999,57.86,524.61,49.3,0.935,False
AST-0017,4,6.995,57.53,502.74,47.64,0.98,False
AST-0017,5,6.983,54.74,507.76,47.27,0.953,False
AST-0017,6,7.005,54.22,487.46,48.93,0.911,False
AST-0017,7,6.993,54.78,485.49,50.77,0.932,False
AST-0017,8,6.997,49.33,476.98,52.18,0.964,False
AST-0017,9,7.011,48.21,508.91,55.64,0.953,False
AST-0017,10,6.997,105.09,506.53,57.82,2.962,True
AST-0017,11,6.997,53.01,515.51,56.58,1.046,False
AST-0017,12,6.996,53.96,526.4,55.08,1.05,False
AST-0017,13,6.98,55.19,525.48,57.46,0.992,False
AST-0017,14,6.976,57.63,524.47,53.97,0.971,False
AST-0017,15,6.978,57.55,514.59,51.28,1.071,False
AST-0017,16,6.982,54.85,527.24,48.88,1.03,False
AST-0017,17,6.978,56.67,494.29,48.75,1.121,False
AST-0017,18,6.985,92.15,505.23,49.15,3.596,True
AST-0017,19,6.983,53.82,484.14,49.52,1.006,False
AST-0017,20,6.963,52.68,496.25,51.98,0.97,False
AST-0017,21,6.958,49.27,491.91,54.65,0.98,False
AST-0017,22,6.949,53.87,507.68,56.81,0.959,False
AST-0017,23,6.945,50.85,509.77,57.31,1.026,False
AST-0017,24,6.947,55.11,521.0,54.33,0.981,False
AST-0017,25,6.96,56.07,541.82,54.79,1.006,False
AST-0017,26,6.94,56.88,524.23,54.48,1.039,False
AST-0017,27,6.943,58.15,510.56,48.45,1.003,False
AST-0017,28,6.923,57.27,497.89,47.88,0.911,False
AST-0017,29,6.909,59.25,504.09,47.58,0.984,False
AST-0017,30,6.885,54.12,510.32,49.5,0.919,False
AST-0017,31,6.887,52.78,485.41,52.75,0.952,False
AST-0017,32,6.877,51.8,489.32,51.13,1.011,False
AST-0017,33,6.87,52.26,509.31,55.67,1.009,False
AST-0017,34,6.873,51.48,507.57,56.25,0.959,False
AST-0017,35,6.885,52.55,500.47,56.63,0.986,False
AST-0018,0,10.696,77.71,626.04,50.71,2.656,False
AST-0018,1,10.678,77.31,650.55,48.25,2.662,False
AST-0018,2,10.668,80.97,638.48,45.12,2.655,False
AST-0018,3,10.665,84.85,621.58,42.64,2.567,False
AST-0018,4,10.663,81.1,626.47,40.19,2.651,False
AST-0018,5,10.644,80.49,640.28,41.04,2.628,False
AST-0018,6,10.636,80.92,617.3,41.9,2.651,False
AST-0018,7,10.622,75.42,582.19,42.31,2.638,False
AST-0018,8,10.608,76.98,589.42,44.39,2.536,False
AST-0018,9,10.592,74.65,614.96,48.15,2.581,False
AST-0018,10,10.589,73.41,617.33,48.57,2.589,False
AST-0018,11,10.596,77.85,616.26,50.85,2.626,False
AST-0018,12,10.596,77.63,643.14,51.28,2.635,False
AST-0018,13,10.584,204.14,638.04,49.32,8.475,True
AST-0018,14,10.583,80.16,644.69,46.63,2.687,False
AST-0018,15,10.572,81.31,641.35,43.6,2.562,False
AST-0018,16,10.559,81.11,617.72,41.96,2.649,False
AST-0018,17,10.569,80.66,614.81,38.46,2.579,False
AST-0018,18,10.56,81.22,620.43,39.6,2.638,False
AST-0018,19,10.547,77.88,600.1,43.75,2.667,False
AST-0018,20,10.53,77.52,602.41,45.62,2.621,False
AST-0018,21,10.52,72.75,605.43,46.38,2.552,False
AST-0018,22,10.506,76.14,610.45,49.33,2.661,False
AST-0018,23,10.499,77.27,634.89,48.01,2.609,False
AST-0018,24,10.492,78.03,635.24,51.43,2.595,False
AST-0018,25,10.463,79.46,655.16,47.87,2.701,False
AST-0018,26,10.451,81.28,628.57,45.51,2.656,False
AST-0018,27,10.445,81.4,637.77,44.11,2.578,False
AST-0018,28,10.432,83.67,629.44,39.64,2.598,False
AST-0018,29,10.426,82.69,593.64,38.37,2.57,False
AST-0018,30,10.411,79.44,611.97,38.65,2.671,False
AST-0018,31,10.395,75.3,597.11,42.3,2.669,False
AST-0018,32,10.385,74.55,604.32,45.27,2.676,False
AST-0018,33,10.367,77.82,589.8,47.66,2.659,False
AST-0018,34,10.37,77.6,604.1,48.86,2.609,False
AST-0018,35,10.368,76.25,627.2,50.95,2.726,False
AST-0019,0,11.492,47.85,775.72,30.99,2.197,False
AST-0019,1,11.501,51.33,779.1,30.18,2.137,False
AST-0019,2,11.497,53.28,779.03,26.39,2.129,False
AST-0019,3,11.503,50.65,776.15,22.18,2.236,False
AST-0019,4,11.49,52.17,758.98,20.98,2.165,False
AST-0019,5,11.481,51.44,765.24,21.51,2.219,False
AST-0019,6,11.481,49.44,738.95,21.84,2.119,False
AST-0019,7,11.471,48.56,729.81,23.89,2.146,False
AST-0019,8,11.452,47.35,749.83,27.56,2.137,False
AST-0019,9,11.455,45.35,725.3,27.99,2.145,False
AST-0019,10,11.447,45.24,764.6,30.92,2.134,False
AST-0019,11,11.465,45.6,761.39,31.17,2.125,False
AST-0019,12,11.473,48.99,780.73,31.07,2.173,False
AST-0019,13,11.445,47.92,773.43,28.61,2.152,False
AST-0019,14,11.439,52.27,783.82,25.79,2.251,False
AST-0019,15,11.421,51.21,770.08,23.32,2.284,False
AST-0019,16,11.417,49.63,738.49,22.61,2.234,False
AST-0019,17,11.413,49.8,767.18,22.86,2.346,False
AST-0019,18,11.399,48.95,736.49,21.4,2.262,False
AST-0019,19,11.397,49.24,764.56,23.67,2.336,False
AST-0019,20,11.394,44.85,743.83,26.51,2.259,False
AST-0019,21,11.379,45.64,744.1,27.36,2.531,False
AST-0019,22,11.374,43.85,760.28,29.63,2.55,False
AST-0019,23,11.356,47.01,772.75,31.56,2.528,False
AST-0019,24,11.344,50.09,789.9,31.3,2.577,False
AST-0019,25,11.327,48.54,784.32,29.94,2.65,False
AST-0019,26,11.316,49.59,776.39,26.62,2.406,False
AST-0019,27,11.317,49.68,782.74,24.44,2.242,False
AST-0019,28,11.286,45.7,769.97,22.04,2.294,False
AST-0019,29,11.265,47.53,731.86,21.83,2.588,False
AST-0019,30,11.257,44.95,743.26,21.97,2.559,False
AST-0019,31,11.244,42.33,736.35,23.23,2.58,False
AST-0019,32,11.225,45.9,740.92,25.97,2.579,False
AST-0019,33,11.206,44.05,745.8,27.87,2.496,False
AST-0019,34,11.181,43.45,777.66,29.82,2.55,False
AST-0019,35,11.152,46.31,759.86,32.91,2.558,False
AST-0020,0,6.113,56.23,620.29,44.87,0.751,False
AST-0020,1,6.105,59.66,616.3,42.79,0.71,False
AST-0020,2,6.13,59.82,635.49,38.69,0.738,False
AST-0020,3,6.129,61.2,607.55,37.8,0.79,False
AST-0020,4,6.091,59.47,594.91,33.94,0.723,False
AST-0020,5,6.099,54.91,583.17,36.12,0.752,False
AST-0020,6,6.111,57.32,581.8,33.4,0.807,False
AST-0020,7,6.094,56.02,578.58,37.35,0.793,False
AST-0020,8,6.103,52.94,572.95,39.64,0.766,False
AST-0020,9,6.086,52.33,583.6,40.96,0.74,False
AST-0020,10,6.114,57.66,596.74,43.21,0.846,False
AST-0020,11,6.107,54.41,617.71,44.6,0.757,False
AST-0020,12,6.096,56.56,619.95,46.81,0.766,False
AST-0020,13,6.088,60.11,606.0,42.34,0.673,False
AST-0020,14,6.087,59.16,627.48,40.73,0.704,False
AST-0020,15,6.068,61.33,603.11,37.2,0.806,False
AST-0020,16,6.058,62.65,595.02,34.88,0.77,False
AST-0020,17,6.066,59.19,594.03,34.44,0.731,False
AST-0020,18,6.062,55.8,565.08,37.07,0.773,False
AST-0020,19,6.047,56.3,567.91,37.1,0.736,False
AST-0020,20,6.038,53.47,560.95,39.4,0.74,False
AST-0020,21,6.027,55.09,606.5,41.42,0.723,False
AST-0020,22,6.019,54.35,582.96,43.63,0.651,False
AST-0020,23,6.021,55.09,586.92,44.12,0.736,False
AST-0020,24,6.01,58.8,616.18,45.23,0.822,False
AST-0020,25,6.005,59.66,622.73,43.27,0.677,False
AST-0020,26,6.002,60.41,609.58,41.33,0.816,False
AST-0020,27,5.984,58.09,607.65,37.04,0.667,False
AST-0020,28,5.965,97.12,613.14,35.83,1.847,True
AST-0020,29,5.964,57.17,595.66,35.91,0.806,False
AST-0020,30,5.959,56.55,583.01,36.73,0.768,False
AST-0020,31,5.944,54.79,580.33,38.53,0.85,False
AST-0020,32,5.938,53.72,580.01,40.93,0.772,False
AST-0020,33,5.931,53.15,579.59,41.94,0.836,False
AST-0020,34,5.925,52.75,598.24,45.17,0.831,False
AST-0020,35,5.913,54.91,606.47,45.02,0.753,False
AST-0021,0,9.599,58.35,296.94,36.65,1.405,False
AST-0021,1,9.589,61.92,317.98,35.27,1.398,False
AST-0021,2,9.6,61.01,299.27,34.3,1.422,False
AST-0021,3,9.615,60.93,310.15,28.2,1.471,False
AST-0021,4,9.602,61.42,304.14,32.2,1.296,False
AST-0021,5,9.616,62.3,281.47,28.22,1.364,False
AST-0021,6,9.626,62.02,271.79,27.11,1.49,False
AST-0021,7,9.603,60.49,264.75,30.08,1.416,False
AST-0021,8,9.595,57.82,15.94,32.54,1.475,True
AST-0021,9,9.596,56.33,267.88,34.39,1.485,False
AST-0021,10,9.593,58.62,266.98,37.71,1.402,False
AST-0021,11,9.587,57.91,280.64,38.96,1.422,False
AST-0021,12,9.592,57.95,311.78,39.22,1.42,False
AST-0021,13,9.586,61.58,321.33,36.57,1.261,False
AST-0021,14,9.592,60.62,308.6,33.95,1.328,False
AST-0021,15,9.58,63.23,294.84,30.0,1.461,False
AST-0021,16,9.565,62.51,292.69,27.28,1.403,False
AST-0021,17,9.575,62.41,284.43,27.44,1.453,False
AST-0021,18,9.567,62.59,290.28,28.91,1.395,False
AST-0021,19,9.566,59.47,264.66,30.92,1.516,False
AST-0021,20,9.575,55.54,282.7,32.53,1.454,False
AST-0021,21,9.563,56.92,274.58,34.74,1.35,False
AST-0021,22,9.56,58.53,286.4,36.09,1.398,False
AST-0021,23,9.561,57.35,303.44,38.54,1.492,False
AST-0021,24,9.55,61.24,298.01,36.65,1.356,False
AST-0021,25,9.538,62.09,313.48,33.37,1.513,False
AST-0021,26,9.513,60.58,302.36,31.33,1.428,False
AST-0021,27,9.52,61.1,311.29,31.69,1.5,False
AST-0021,28,9.514,60.82,290.3,28.47,1.433,False
AST-0021,29,9.5,60.39,293.52,28.04,1.394,False
AST-0021,30,9.501,62.77,278.95,28.69,1.397,False
AST-0021,31,9.484,57.58,269.99,29.95,1.417,False
AST-0021,32,9.475,59.74,261.8,31.46,1.386,False
AST-0021,33,9.451,58.66,291.35,34.88,1.396,False
AST-0021,34,9.439,58.3,304.63,36.93,1.403,False
AST-0021,35,9.426,56.45,309.24,38.02,1.357,False
AST-0022,0,12.536,84.47,658.18,60.88,2.795,False
AST-0022,1,12.513,87.97,645.37,58.88,2.762,False
AST-0022,2,12.451,90.28,632.98,56.9,2.769,False
AST-0022,3,12.404,86.58,643.34,54.23,2.902,False
AST-0022,4,12.353,83.14,632.09,54.79,2.887,False
AST-0022,5,12.312,84.24,639.75,52.05,2.783,False
AST-0022,6,12.294,82.91,615.35,53.08,2.724,False
AST-0022,7,12.24,80.86,614.13,53.95,2.907,False
AST-0022,8,12.198,83.22,600.78,56.09,2.798,False
AST-0022,9,12.145,82.37,613.52,59.0,2.896,False
AST-0022,10,12.1,81.65,630.24,59.23,2.892,False
AST-0022,11,12.045,82.11,634.73,62.97,2.871,False
AST-0022,12,11.994,84.11,648.56,60.67,2.866,False
AST-0022,13,11.935,85.57,652.0,60.44,2.822,False
AST-0022,14,11.891,88.48,642.96,57.13,2.822,False
AST-0022,15,11.848,90.25,641.05,54.47,2.812,False
AST-0022,16,11.814,86.34,644.11,52.68,2.797,False
AST-0022,17,11.754,170.04,614.11,51.31,11.337,True
AST-0022,18,11.716,84.87,624.25,51.08,2.822,False
AST-0022,19,11.682,82.19,616.61,53.56,2.789,False
AST-0022,20,11.649,82.58,625.35,56.23,2.811,False
AST-0022,21,11.625,82.34,652.03,58.74,2.815,False
AST-0022,22,11.565,83.4,609.31,61.42,2.95,False
AST-0022,23,11.532,83.46,628.18,62.99,2.773,False
AST-0022,24,11.497,83.72,663.5,61.43,2.793,False
AST-0022,25,11.471,84.16,652.91,60.66,2.793,False
AST-0022,26,11.435,86.78,638.79,58.25,2.926,False
AST-0022,27,11.394,89.44,628.15,55.27,2.882,False
AST-0022,28,11.347,87.96,650.37,54.66,2.818,False
AST-0022,29,11.312,87.5,608.92,51.55,2.826,False
AST-0022,30,11.265,88.39,613.77,51.8,2.872,False
AST-0022,31,11.207,83.29,609.35,52.1,2.74,False
AST-0022,32,11.159,79.9,626.6,56.34,2.809,False
AST-0022,33,11.108,80.33,611.15,60.05,2.839,False
AST-0022,34,11.058,81.95,634.7,60.04,2.925,False
AST-0022,35,10.998,82.76,649.06,62.5,2.878,False
AST-0023,0,8.331,56.34,813.06,34.88,0.614,False
AST-0023,1,8.286,59.56,840.88,31.07,0.671,False
AST-0023,2,8.256,57.06,824.32,29.42,0.662,False
AST-0023,3,8.236,61.21,798.79,27.05,0.768,False
AST-0023,4,8.223,58.91,804.85,24.48,0.595,False
AST-0023,5,8.194,61.49,787.99,24.81,0.601,False
AST-0023,6,8.158,58.75,773.29,24.1,0.596,False
AST-0023,7,8.121,54.97,777.23,24.59,0.632,False
AST-0023,8,8.083,54.63,771.9,27.84,0.585,False
AST-0023,9,8.041,53.91,807.79,30.61,0.663,False
AST-0023,10,8.039,54.83,798.26,34.18,0.713,False
AST-0023,11,7.998,55.23,799.82,33.8,0.654,False
AST-0023,12,7.966,57.43,825.53,34.26,0.704,False
AST-0023,13,7.931,58.87,832.06,31.43,0.666,False
AST-0023,14,7.886,59.71,812.93,30.56,0.705,False
AST-0023,15,7.861,60.62,810.28,25.88,0.671,False
AST-0023,16,7.836,61.08,813.53,25.52,0.651,False
AST-0023,17,7.806,56.77,797.25,23.79,0.794,False
AST-0023,18,7.771,57.5,784.5,23.07,0.578,False
AST-0023,19,7.742,52.46,774.27,25.48,0.654,False
AST-0023,20,7.717,57.11,788.54,27.59,0.661,False
AST-0023,21,7.696,52.97,798.99,30.28,0.61,False
AST-0023,22,7.666,51.56,798.34,33.56,0.687,False
AST-0023,23,7.625,57.8,836.87,34.36,0.673,False
AST-0023,24,7.602,57.28,810.05,33.57,0.632,False
AST-0023,25,7.569,58.42,800.4,30.06,0.607,False
AST-0023,26,7.536,60.05,828.12,29.85,0.718,False
AST-0023,27,7.505,61.77,819.69,26.92,0.728,False
AST-0023,28,7.48,59.26,812.16,26.12,0.592,False
AST-0023,29,7.463,56.91,788.18,23.33,0.587,False
AST-0023,30,7.427,58.7,778.53,24.04,0.663,False
AST-0023,31,7.427,54.19,779.77,24.64,0.652,False
AST-0023,32,7.405,54.62,788.2,27.91,0.642,False
AST-0023,33,7.376,51.51,793.5,30.25,0.728,False
AST-0023,34,7.336,53.01,795.04,31.45,0.629,False
AST-0023,35,7.292,53.9,804.28,33.52,0.694,False
AST-0024,0,9.649,71.17,530.93,39.68,2.321,False
AST-0024,1,9.635,72.1,539.33,40.11,2.318,False
AST-0024,2,9.622,72.36,530.94,35.82,2.229,False
AST-0024,3,9.593,73.09,532.74,33.64,2.315,False
AST-0024,4,9.575,73.06,522.7,30.79,2.154,False
AST-0024,5,9.556,72.14,523.18,31.1,2.283,False
AST-0024,6,9.525,69.66,497.29,29.86,2.35,False
AST-0024,7,9.513,68.87,500.64,32.35,2.252,False
AST-0024,8,9.49,67.41,493.21,33.69,2.283,False
AST-0024,9,9.473,67.84,512.19,38.28,2.307,False
AST-0024,10,9.459,66.38,508.64,39.59,2.24,False
AST-0024,11,9.449,66.55,532.88,40.0,2.237,False
AST-0024,12,9.425,72.61,528.32,39.83,2.333,False
AST-0024,13,9.386,75.71,508.43,38.3,2.243,False
AST-0024,14,9.37,74.36,532.17,35.06,2.27,False
AST-0024,15,9.362,71.08,546.25,32.77,2.272,False
AST-0024,16,9.337,75.8,522.26,29.9,2.21,False
AST-0024,17,9.32,69.46,514.54,29.43,2.354,False
AST-0024,18,9.303,71.2,486.37,31.57,2.254,False
AST-0024,19,9.286,68.35,492.29,33.55,2.24,False
AST-0024,20,9.28,70.37,487.58,35.02,2.254,False
AST-0024,21,9.252,69.79,516.62,37.17,2.288,False
AST-0024,22,9.242,66.23,510.2,39.82,2.183,False
AST-0024,23,9.207,70.73,518.84,39.08,2.302,False
AST-0024,24,9.176,70.22,550.66,38.32,2.325,False
AST-0024,25,9.16,69.99,541.45,39.07,2.368,False
AST-0024,26,9.146,71.64,519.61,37.44,2.24,False
AST-0024,27,9.121,74.04,523.26,34.08,2.278,False
AST-0024,28,9.095,72.93,508.48,32.02,2.276,False
AST-0024,29,9.08,70.23,523.7,32.06,2.323,False
AST-0024,30,9.063,72.62,495.15,30.32,2.373,False
AST-0024,31,9.025,66.95,500.72,34.67,2.28,False
AST-0024,32,9.017,69.57,490.04,34.93,2.217,False
AST-0024,33,8.986,67.5,493.17,39.11,2.261,False
AST-0024,34,8.984,66.98,500.03,38.95,2.316,False
AST-0024,35,8.961,67.96,525.34,42.39,2.262,False
AST-0025,0,9.536,59.0,372.8,61.9,2.056,False
AST-0025,1,9.522,58.99,372.73,60.24,2.003,False
AST-0025,2,9.515,60.74,361.63,58.22,2.008,False
AST-0025,3,9.51,59.57,383.52,56.78,2.015,False
AST-0025,4,9.525,56.84,346.21,52.35,1.989,False
AST-0025,5,9.51,57.87,344.08,52.84,2.018,False
AST-0025,6,9.491,57.92,350.17,52.47,2.038,False
AST-0025,7,9.488,57.53,326.29,52.25,1.848,False
AST-0025,8,9.471,58.31,27.94,56.04,1.98,True
AST-0025,9,9.449,58.44,343.23,59.87,1.936,False
AST-0025,10,9.442,55.05,353.12,61.29,2.008,False
AST-0025,11,9.426,56.42,370.02,62.58,1.994,False
AST-0025,12,9.413,56.76,361.22,62.35,2.007,False
AST-0025,13,9.41,60.77,365.45,60.48,2.009,False
AST-0025,14,9.415,60.62,376.97,57.22,1.982,False
AST-0025,15,9.4,60.94,351.56,55.82,1.941,False
AST-0025,16,9.409,59.08,363.77,53.0,2.024,False
AST-0025,17,9.396,58.04,340.48,52.88,2.117,False
AST-0025,18,9.396,59.11,353.81,51.63,1.959,False
AST-0025,19,9.395,56.08,27.96,56.31,1.93,True
AST-0025,20,9.399,53.46,329.18,56.58,2.011,False
AST-0025,21,9.386,55.25,340.35,61.33,1.979,False
AST-0025,22,9.386,55.19,347.4,61.05,1.9,False
AST-0025,23,9.377,56.78,370.42,64.74,2.039,False
AST-0025,24,9.363,60.64,384.59,63.3,2.036,False
AST-0025,25,9.358,59.07,375.45,59.98,1.991,False
AST-0025,26,9.336,60.35,371.58,59.73,2.016,False
AST-0025,27,9.343,64.67,370.93,55.93,2.072,False
AST-0025,28,9.34,62.84,331.53,54.29,2.028,False
AST-0025,29,9.35,61.99,334.49,52.38,1.94,False
AST-0025,30,9.341,56.41,339.83,52.6,1.94,False
AST-0025,31,9.332,56.16,329.62,55.6,2.055,False
AST-0025,32,9.337,55.59,336.19,55.87,1.956,False
AST-0025,33,9.333,53.94,345.52,58.28,1.922,False
AST-0025,34,9.33,53.3,342.24,61.48,1.981,False
AST-0025,35,9.331,58.8,363.31,61.98,2.006,False
AST-0026,0,8.407,77.48,645.27,36.59,1.391,False
AST-0026,1,8.397,79.26,636.29,34.33,1.381,False
AST-0026,2,8.38,76.61,644.29,31.02,1.41,False
AST-0026,3,8.389,81.27,622.09,29.9,1.432,False
AST-0026,4,8.374,79.33,621.67,29.53,1.43,False
AST-0026,5,8.353,74.03,632.47,26.29,1.479,False
AST-0026,6,8.33,74.21,604.96,27.04,1.483,False
AST-0026,7,8.309,70.49,594.7,29.36,1.415,False
AST-0026,8,8.301,72.71,609.57,29.09,1.433,False
AST-0026,9,8.298,72.74,617.0,34.96,1.397,False
AST-0026,10,8.277,72.51,607.66,35.28,1.446,False
AST-0026,11,8.275,71.21,633.02,36.27,1.42,False
AST-0026,12,8.276,75.17,630.65,36.77,1.466,False
AST-0026,13,8.258,78.29,633.65,34.6,1.425,False
AST-0026,14,8.241,78.68,623.49,33.31,1.462,False
AST-0026,15,8.243,78.07,628.28,28.62,1.386,False
AST-0026,16,8.225,78.09,600.02,28.12,1.401,False
AST-0026,17,8.217,75.54,598.65,26.33,1.405,False
AST-0026,18,8.207,74.6,595.19,29.8,1.365,False
AST-0026,19,8.162,74.37,581.75,29.79,1.358,False
AST-0026,20,8.152,71.98,613.85,31.94,1.453,False
AST-0026,21,8.144,73.16,616.82,34.06,1.494,False
AST-0026,22,8.13,73.02,615.96,34.67,1.399,False
AST-0026,23,8.122,74.25,624.92,37.59,1.437,False
AST-0026,24,8.124,77.93,630.94,36.31,1.387,False
AST-0026,25,8.096,78.82,639.95,34.63,1.435,False
AST-0026,26,8.086,78.35,628.89,32.57,1.414,False
AST-0026,27,8.08,79.31,617.28,29.19,1.377,False
AST-0026,28,8.058,76.38,609.49,29.02,1.375,False
AST-0026,29,8.056,77.99,614.83,27.6,1.431,False
AST-0026,30,8.049,74.02,611.6,28.06,1.369,False
AST-0026,31,8.04,72.05,597.33,28.53,1.356,False
AST-0026,32,8.044,72.08,596.91,30.5,1.436,False
AST-0026,33,8.026,71.97,596.85,34.04,1.341,False
AST-0026,34,8.023,74.02,611.2,36.98,1.348,False
AST-0026,35,8.007,75.5,641.37,36.86,1.496,False
AST-0027,0,13.349,45.98,322.39,32.7,1.867,False
AST-0027,1,13.346,46.07,329.0,30.52,1.827,False
AST-0027,2,13.317,46.8,350.37,27.15,1.825,False
AST-0027,3,13.294,47.65,335.04,26.06,1.794,False
AST-0027,4,13.287,48.8,338.25,24.12,1.85,False
AST-0027,5,13.289,47.47,299.34,22.16,1.93,False
AST-0027,6,13.285,80.52,292.38,22.73,4.447,True
AST-0027,7,13.276,46.09,292.64,25.88,1.91,False
AST-0027,8,13.266,43.27,292.34,27.52,1.81,False
AST-0027,9,13.253,42.39,309.52,29.21,1.794,False
AST-0027,10,13.241,42.02,320.98,29.98,1.785,False
AST-0027,11,13.237,46.22,328.04,32.88,1.797,False
AST-0027,12,13.237,45.03,326.14,31.99,1.693,False
AST-0027,13,13.21,48.03,351.85,32.01,1.855,False
AST-0027,14,13.208,49.6,337.1,30.69,1.803,False
AST-0027,15,13.197,50.29,346.46,24.62,1.797,False
AST-0027,16,13.197,48.88,317.66,23.7,1.849,False
AST-0027,17,13.172,46.26,314.84,23.37,1.89,False
AST-0027,18,13.181,45.37,303.86,22.14,1.829,False
AST-0027,19,13.182,44.79,293.07,24.42,1.798,False
AST-0027,20,13.17,42.8,296.5,27.72,1.889,False
AST-0027,21,13.151,43.19,294.07,28.93,1.811,False
AST-0027,22,13.149,39.87,304.27,31.54,1.818,False
AST-0027,23,13.136,43.13,338.76,32.54,1.856,False
AST-0027,24,13.138,45.15,28.69,32.16,1.784,True
AST-0027,25,13.15,47.64,347.74,29.86,1.822,False
AST-0027,26,13.122,45.66,327.34,31.0,1.808,False
AST-0027,27,13.116,44.13,331.9,26.45,1.776,False
AST-0027,28,13.094,45.25,306.41,23.42,1.784,False
AST-0027,29,13.094,47.1,308.02,23.3,1.831,False
AST-0027,30,13.097,46.02,298.54,23.01,1.874,False
AST-0027,31,13.071,45.95,306.23,23.85,1.712,False
AST-0027,32,13.057,41.57,312.65,26.39,1.8,False
AST-0027,33,13.056,42.12,318.77,30.02,1.884,False
AST-0027,34,13.044,39.18,306.68,32.56,1.744,False
AST-0027,35,13.028,45.99,322.1,32.06,1.819,False
AST-0028,0,12.245,59.92,403.11,51.9,2.57,False
AST-0028,1,12.222,61.31,403.93,48.78,2.624,False
AST-0028,2,12.212,62.12,384.31,46.41,2.611,False
AST-0028,3,12.19,57.73,397.16,44.77,2.586,False
AST-0028,4,12.171,61.6,377.9,42.23,2.499,False
AST-0028,5,12.161,63.01,378.4,41.75,2.537,False
AST-0028,6,12.131,55.99,367.9,41.91,2.574,False
AST-0028,7,12.129,56.55,362.81,42.84,2.611,False
AST-0028,8,12.105,56.89,382.11,45.91,2.602,False
AST-0028,9,12.08,54.0,353.09,48.97,2.584,False
AST-0028,10,12.064,58.89,384.74,51.01,2.592,False
AST-0028,11,12.047,56.77,384.47,53.04,2.584,False
AST-0028,12,11.995,59.74,394.08,50.86,2.514,False
AST-0028,13,11.978,59.87,396.32,51.0,2.577,False
AST-0028,14,11.95,62.55,410.81,47.67,2.569,False
AST-0028,15,11.921,62.49,398.88,45.96,2.539,False
AST-0028,16,11.897,60.93,383.14,42.08,2.538,False
AST-0028,17,11.882,61.15,393.77,42.09,2.433,False
AST-0028,18,11.867,133.5,373.31,41.77,7.046,True
AST-0028,19,11.835,59.16,376.97,41.83,2.618,False
AST-0028,20,11.808,55.19,360.65,48.02,2.515,False
AST-0028,21,11.786,55.62,379.02,47.29,2.562,False
AST-0028,22,11.769,58.04,391.88,49.1,2.605,False
AST-0028,23,11.753,58.87,397.78,50.32,2.655,False
AST-0028,24,11.733,58.64,418.91,50.53,2.485,False
AST-0028,25,11.699,62.0,407.71,50.78,2.6,False
AST-0028,26,11.68,62.34,399.73,46.99,2.578,False
AST-0028,27,11.661,61.8,411.37,42.59,2.543,False
AST-0028,28,11.631,61.78,409.18,43.1,2.542,False
AST-0028,29,11.614,62.04,367.78,40.71,2.585,False
AST-0028,30,11.615,61.31,372.05,40.08,2.412,False
AST-0028,31,11.594,57.65,376.63,43.07,2.507,False
AST-0028,32,11.573,57.0,364.61,46.94,2.531,False
AST-0028,33,11.558,57.86,378.14,47.9,2.609,False
AST-0028,34,11.535,58.5,399.7,49.98,2.564,False
AST-0028,35,11.482,55.83,397.4,50.86,2.542,False
AST-0029,0,6.866,39.39,245.27,31.81,0.779,False
AST-0029,1,6.841,42.47,234.59,30.4,0.807,False
AST-0029,2,6.825,46.04,238.84,27.88,0.741,False
AST-0029,3,6.828,44.22,237.72,24.27,0.854,False
AST-0029,4,6.811,42.91,221.3,23.72,0.84,False
AST-0029,5,6.797,41.44,229.89,22.9,0.761,False
AST-0029,6,6.788,41.93,214.66,20.15,0.75,False
AST-0029,7,6.768,42.41,212.51,22.78,0.752,False
AST-0029,8,6.755,37.62,223.29,25.31,0.82,False
AST-0029,9,6.734,39.51,209.21,29.41,0.664,False
AST-0029,10,6.737,38.73,233.6,31.46,0.702,False
AST-0029,11,6.721,40.45,214.85,31.72,0.782,False
AST-0029,12,6.694,42.01,237.41,29.37,0.773,False
AST-0029,13,6.678,43.89,260.15,29.62,0.794,False
AST-0029,14,6.654,44.18,256.06,26.69,0.754,False
AST-0029,15,6.633,43.01,262.32,23.6,0.763,False
AST-0029,16,6.608,43.98,225.1,22.45,0.711,False
AST-0029,17,6.588,44.07,213.48,21.43,0.744,False
AST-0029,18,6.568,41.06,220.88,21.02,0.738,False
AST-0029,19,6.54,38.82,220.45,22.99,0.795,False
AST-0029,20,6.519,37.01,194.58,27.15,0.704,False
AST-0029,21,6.496,39.24,219.91,27.91,0.718,False
AST-0029,22,6.481,34.95,231.54,29.8,0.79,False
AST-0029,23,6.458,41.67,236.71,33.32,0.713,False
AST-0029,24,6.43,41.39,254.35,30.87,0.87,False
AST-0029,25,6.405,44.0,257.89,28.47,0.701,False
AST-0029,26,6.38,43.93,243.88,24.84,0.757,False
AST-0029,27,6.349,46.16,242.57,25.07,0.692,False
AST-0029,28,6.321,46.14,248.12,20.99,0.747,False
AST-0029,29,6.297,43.19,214.49,22.81,0.711,False
AST-0029,30,6.286,41.13,196.88,22.16,0.758,False
AST-0029,31,6.255,40.08,216.65,23.67,0.765,False
AST-0029,32,6.233,40.14,204.11,26.81,0.726,False
AST-0029,33,6.217,39.95,215.8,30.36,0.709,False
AST-0029,34,6.201,37.0,211.23,31.46,0.766,False
AST-0029,35,6.183,39.28,251.67,31.0,0.7,False
AST-0030,0,13.942,52.45,803.53,22.3,2.757,False
AST-0030,1,13.926,50.92,820.07,19.64,2.721,False
AST-0030,2,13.91,55.11,805.18,17.6,2.758,False
AST-0030,3,13.883,57.9,796.64,13.25,2.711,False
AST-0030,4,13.856,54.65,775.54,14.67,2.702,False
AST-0030,5,13.82,53.63,795.86,11.3,2.702,False
AST-0030,6,13.787,54.38,776.41,12.99,2.766,False
AST-0030,7,13.761,49.56,780.15,14.15,2.708,False
AST-0030,8,13.748,53.1,776.14,16.85,2.709,False
AST-0030,9,13.722,50.73,790.09,18.89,2.619,False
AST-0030,10,13.675,48.99,807.46,20.15,2.719,False
AST-0030,11,13.656,54.12,804.06,22.45,2.715,False
AST-0030,12,13.613,53.03,828.26,20.94,2.767,False
AST-0030,13,13.596,55.05,814.19,19.05,2.747,False
AST-0030,14,13.57,55.72,811.01,17.11,2.736,False
AST-0030,15,13.516,54.11,799.09,14.42,2.831,False
AST-0030,16,13.485,56.2,798.41,14.17,2.789,False
AST-0030,17,13.456,51.93,785.95,11.24,2.719,False
AST-0030,18,13.424,50.68,778.79,11.23,2.686,False
AST-0030,19,13.391,53.45,789.75,13.34,2.804,False
AST-0030,20,13.357,49.89,767.06,17.15,2.776,False
AST-0030,21,13.327,50.43,788.6,19.39,2.756,False
AST-0030,22,13.292,48.19,791.88,19.7,2.742,False
AST-0030,23,13.269,51.92,810.87,19.92,2.703,False
AST-0030,24,13.271,51.76,821.97,22.56,2.747,False
AST-0030,25,13.242,55.56,810.96,20.02,2.697,False
AST-0030,26,13.2,57.9,807.83,16.52,2.792,False
AST-0030,27,13.169,55.28,809.2,13.84,2.76,False
AST-0030,28,13.126,56.89,781.26,13.13,2.836,False
AST-0030,29,13.099,56.85,791.13,14.51,2.692,False
AST-0030,30,13.06,51.43,775.34,12.4,2.78,False
AST-0030,31,13.028,97.9,786.31,18.14,9.249,True
AST-0030,32,13.006,50.61,794.14,17.78,2.721,False
AST-0030,33,12.966,50.15,766.06,19.8,2.78,False
AST-0030,34,12.947,50.46,800.54,20.57,2.687,False
AST-0030,35,12.924,52.54,792.19,20.63,2.766,False
AST-0031,0,13.038,69.09,268.06,62.64,2.726,False
AST-0031,1,13.033,66.77,248.38,60.78,2.793,False
AST-0031,2,13.02,70.49,270.89,58.28,2.813,False
AST-0031,3,13.003,68.28,247.61,55.12,2.748,False
AST-0031,4,12.989,70.39,237.19,52.43,2.815,False
AST-0031,5,12.993,68.42,211.42,52.29,2.75,False
AST-0031,6,12.97,65.47,228.26,54.88,2.814,False
AST-0031,7,12.974,63.67,213.93,53.65,2.724,False
AST-0031,8,12.968,65.34,207.87,56.08,2.752,False
AST-0031,9,12.943,64.56,211.08,59.74,2.787,False
AST-0031,10,12.948,67.25,226.38,61.97,2.77,False
AST-0031,11,12.924,66.55,241.61,63.32,2.729,False
AST-0031,12,12.93,65.66,255.36,62.15,2.675,False
AST-0031,13,12.931,70.63,254.48,59.01,2.764,False
AST-0031,14,12.911,69.81,254.28,58.3,2.71,False
AST-0031,15,12.9,68.56,237.83,55.99,2.786,False
AST-0031,16,12.899,68.45,256.73,54.07,2.739,False
AST-0031,17,12.906,67.7,229.9,52.71,2.755,False
AST-0031,18,12.898,66.96,218.23,52.26,2.772,False
AST-0031,19,12.889,63.94,208.05,54.74,2.834,False
AST-0031,20,12.886,64.95,208.88,58.07,2.769,False
AST-0031,21,12.881,63.42,240.33,59.12,2.768,False
AST-0031,22,12.881,64.9,239.82,59.76,2.773,False
AST-0031,23,12.873,65.76,249.78,63.55,2.701,False
AST-0031,24,12.859,67.93,259.44,64.54,2.791,False
AST-0031,25,12.855,67.22,254.86,60.85,2.78,False
AST-0031,26,12.85,69.25,254.0,58.43,2.802,False
AST-0031,27,12.836,69.23,253.52,54.96,2.838,False
AST-0031,28,12.827,70.72,230.22,53.09,2.747,False
AST-0031,29,12.824,70.38,222.86,52.83,2.776,False
AST-0031,30,12.812,65.09,227.47,52.18,2.761,False
AST-0031,31,12.804,67.1,209.97,53.73,2.783,False
AST-0031,32,12.821,67.63,225.53,57.46,2.753,False
AST-0031,33,12.807,63.36,232.65,59.1,2.772,False
AST-0031,34,12.792,62.83,259.53,63.55,2.842,False
AST-0031,35,12.785,67.46,246.23,60.66,2.835,False
AST-0032,0,8.242,62.81,667.26,43.5,2.371,False
AST-0032,1,8.226,67.97,654.86,41.94,2.323,False
AST-0032,2,8.189,70.94,666.26,39.45,2.427,False
AST-0032,3,8.175,68.57,658.24,37.15,2.416,False
AST-0032,4,8.166,68.49,643.79,35.85,2.511,False
AST-0032,5,8.138,64.03,633.69,34.85,2.538,False
AST-0032,6,8.12,67.4,622.88,35.04,2.459,False
AST-0032,7,8.085,64.39,640.86,36.54,2.405,False
AST-0032,8,8.078,63.34,625.93,38.66,2.467,False
AST-0032,9,8.051,61.5,648.35,41.49,2.474,False
AST-0032,10,8.025,62.78,629.98,44.88,2.438,False
AST-0032,11,7.999,62.56,647.59,45.43,2.427,False
AST-0032,12,7.982,66.75,668.62,44.63,2.423,False
AST-0032,13,7.951,66.63,672.85,42.74,2.448,False
AST-0032,14,7.92,67.93,667.48,39.57,2.433,False
AST-0032,15,7.892,69.34,647.27,38.69,2.438,False
AST-0032,16,7.86,70.01,651.14,36.43,2.48,False
AST-0032,17,7.834,64.72,658.49,35.89,2.417,False
AST-0032,18,7.81,64.8,634.03,36.0,2.414,False
AST-0032,19,7.787,62.92,629.04,35.56,2.429,False
AST-0032,20,7.762,61.43,618.11,39.34,2.47,False
AST-0032,21,7.748,62.66,651.78,42.08,2.36,False
AST-0032,22,7.709,60.69,646.92,43.65,2.447,False
AST-0032,23,7.678,63.84,669.51,44.66,2.425,False
AST-0032,24,7.678,65.63,684.93,44.8,2.476,False
AST-0032,25,7.661,68.19,687.63,44.18,2.482,False
AST-0032,26,7.64,66.68,650.85,39.14,2.445,False
AST-0032,27,7.636,68.16,655.18,36.55,2.424,False
AST-0032,28,7.623,69.2,629.48,33.74,2.442,False
AST-0032,29,7.6,65.91,629.21,34.81,2.42,False
AST-0032,30,7.584,65.14,655.49,35.06,2.47,False
AST-0032,31,7.558,64.15,629.52,37.0,2.413,False
AST-0032,32,7.519,64.43,632.83,40.18,2.399,False
AST-0032,33,7.49,64.45,629.05,41.4,2.551,False
AST-0032,34,7.453,62.93,649.08,43.57,2.489,False
AST-0032,35,7.445,63.19,665.88,44.65,2.417,False
AST-0033,0,12.681,89.41,556.18,22.14,0.73,False
AST-0033,1,12.649,87.77,548.9,19.59,0.787,False
AST-0033,2,12.62,94.28,573.55,17.22,0.781,False
AST-0033,3,12.604,92.06,562.13,17.08,0.73,False
AST-0033,4,12.599,90.69,531.75,14.56,0.756,False
AST-0033,5,12.573,90.76,535.27,13.73,0.752,False
AST-0033,6,12.536,88.39,521.62,15.17,0.711,False
AST-0033,7,12.522,87.21,509.56,17.85,0.741,False
AST-0033,8,12.498,86.77,517.98,17.95,0.589,False
AST-0033,9,12.469,87.78,541.33,20.45,0.807,False
AST-0033,10,12.434,85.77,526.25,22.45,0.836,False
AST-0033,11,12.391,86.6,558.69,22.88,0.777,False
AST-0033,12,12.356,89.6,548.48,23.98,0.852,False
AST-0033,13,12.347,91.47,555.71,21.32,0.794,False
AST-0033,14,12.322,91.67,571.51,19.06,0.704,False
AST-0033,15,12.292,90.53,534.22,17.11,0.8,False
AST-0033,16,12.261,92.11,546.01,15.09,0.635,False
AST-0033,17,12.228,90.11,530.23,14.33,0.77,False
AST-0033,18,12.189,89.05,520.23,11.16,0.749,False
AST-0033,19,12.159,87.95,526.02,17.06,0.764,False
AST-0033,20,12.129,84.66,515.65,17.71,0.795,False
AST-0033,21,12.104,85.98,523.75,21.45,0.798,False
AST-0033,22,12.079,88.43,524.46,21.24,0.705,False
AST-0033,23,12.039,86.82,543.45,23.32,0.794,False
AST-0033,24,12.016,87.21,550.15,24.28,0.77,False
AST-0033,25,11.976,89.85,573.22,22.86,0.769,False
AST-0033,26,11.925,92.4,553.57,19.99,0.801,False
AST-0033,27,11.904,92.7,537.99,17.14,0.765,False
AST-0033,28,11.877,91.45,531.3,15.27,0.84,False
AST-0033,29,11.844,91.37,529.95,12.05,0.701,False
AST-0033,30,11.837,91.34,525.89,13.98,0.656,False
AST-0033,31,11.81,90.68,512.08,16.52,0.742,False
AST-0033,32,11.769,86.11,514.37,19.5,0.768,False
AST-0033,33,11.748,88.34,530.97,21.07,0.772,False
AST-0033,34,11.72,85.96,547.69,22.43,0.691,False
AST-0033,35,11.71,88.65,536.7,23.84,0.773,False
AST-0034,0,6.822,51.49,318.5,34.63,1.593,False
AST-0034,1,6.783,52.05,308.29,34.51,1.68,False
AST-0034,2,6.748,52.31,299.08,32.68,1.652,False
AST-0034,3,6.728,53.73,312.25,28.61,1.598,False
AST-0034,4,6.699,50.84,304.58,27.79,1.637,False
AST-0034,5,6.68,50.39,263.1,26.29,1.536,False
AST-0034,6,6.652,48.61,266.97,27.66,1.554,False
AST-0034,7,6.622,44.85,271.67,26.87,1.605,False
AST-0034,8,6.584,44.69,250.53,31.11,1.59,False
AST-0034,9,6.555,43.04,263.63,32.95,1.651,False
AST-0034,10,6.52,46.2,259.59,35.91,1.684,False
AST-0034,11,6.492,45.74,288.72,38.36,1.54,False
AST-0034,12,6.459,48.38,289.81,37.52,1.634,False
AST-0034,13,6.447,53.6,304.54,35.74,1.656,False
AST-0034,14,6.428,53.79,317.2,30.04,1.638,False
AST-0034,15,6.415,52.42,282.11,28.9,1.571,False
AST-0034,16,6.392,50.1,301.48,27.86,1.701,False
AST-0034,17,6.374,53.16,269.85,26.29,1.647,False
AST-0034,18,6.343,49.9,280.67,27.79,1.676,False
AST-0034,19,6.328,50.69,249.56,27.12,1.639,False
AST-0034,20,6.303,47.93,247.07,30.47,1.517,False
AST-0034,21,6.295,44.11,279.14,34.59,1.603,False
AST-0034,22,6.266,46.1,272.91,36.08,1.642,False
AST-0034,23,6.239,45.77,300.88,36.42,1.587,False
AST-0034,24,6.222,50.36,287.45,35.0,1.594,False
AST-0034,25,6.188,48.06,318.29,35.69,1.552,False
AST-0034,26,6.165,53.31,318.49,31.04,1.698,False
AST-0034,27,6.145,51.4,307.13,30.66,1.659,False
AST-0034,28,6.113,52.39,269.03,25.3,1.663,False
AST-0034,29,6.102,50.21,279.27,26.38,1.533,False
AST-0034,30,6.068,48.52,265.02,27.26,1.554,False
AST-0034,31,6.058,47.42,253.14,27.43,1.693,False
AST-0034,32,6.032,43.41,261.06,31.43,1.621,False
AST-0034,33,6.007,46.58,286.83,32.87,1.499,False
AST-0034,34,5.994,47.53,256.69,35.07,1.682,False
AST-0034,35,5.961,45.06,277.95,37.86,1.616,False
AST-0035,0,13.918,46.19,214.3,50.49,2.879,False
AST-0035,1,13.883,46.4,230.35,52.86,2.953,False
AST-0035,2,13.837,47.12,215.85,49.36,2.972,False
AST-0035,3,13.787,50.19,203.91,46.92,2.927,False
AST-0035,4,13.735,48.13,228.83,45.83,3.022,False
AST-0035,5,13.672,44.8,208.35,42.51,2.935,False
AST-0035,6,13.615,43.73,181.86,44.03,2.954,False
AST-0035,7,13.535,44.59,176.49,44.28,2.947,False
AST-0035,8,13.485,43.54,181.41,49.99,2.926,False
AST-0035,9,13.434,43.8,205.79,50.99,3.016,False
AST-0035,10,13.38,44.22,218.0,50.88,2.918,False
AST-0035,11,13.361,44.7,223.59,52.88,2.942,False
AST-0035,12,13.321,44.72,213.82,52.29,2.95,False
AST-0035,13,13.257,46.37,227.24,50.8,2.934,False
AST-0035,14,13.228,46.25,223.43,50.03,2.874,False
AST-0035,15,13.196,48.06,225.38,45.95,2.961,False
AST-0035,16,13.146,46.92,206.35,43.58,2.984,False
AST-0035,17,13.115,47.22,193.47,44.04,3.005,False
AST-0035,18,13.073,46.86,178.26,42.61,2.803,False
AST-0035,19,13.036,44.56,164.13,44.93,2.987,False
AST-0035,20,12.986,42.03,185.72,48.6,3.011,False
AST-0035,21,12.949,41.77,199.38,49.54,2.954,False
AST-0035,22,12.905,41.35,184.35,53.07,3.011,False
AST-0035,23,12.856,45.58,218.95,53.04,2.916,False
AST-0035,24,12.809,45.6,218.85,51.94,2.984,False
AST-0035,25,12.762,47.13,240.59,50.75,3.027,False
AST-0035,26,12.705,49.91,218.66,50.61,2.987,False
AST-0035,27,12.664,50.16,223.85,45.34,2.956,False
AST-0035,28,12.624,51.59,207.1,44.34,3.023,False
AST-0035,29,12.568,44.46,190.11,44.55,3.042,False
AST-0035,30,12.532,46.31,180.76,43.66,3.007,False
AST-0035,31,12.507,42.01,183.94,43.72,2.948,False
AST-0035,32,12.445,46.11,175.46,48.26,2.915,False
AST-0035,33,12.382,41.76,190.15,49.62,3.02,False
AST-0035,34,12.341,42.79,196.26,53.42,3.023,False
AST-0035,35,12.275,41.82,225.88,53.61,2.938,False
AST-0036,0,11.311,75.9,519.3,26.39,1.902,False
AST-0036,1,11.283,82.18,508.52,26.36,1.923,False
AST-0036,2,11.25,80.07,530.15,22.72,1.954,False
AST-0036,3,11.215,80.68,516.58,20.68,1.915,False
AST-0036,4,11.156,82.15,505.94,19.54,1.957,False
AST-0036,5,11.142,79.12,509.55,16.4,1.887,False
AST-0036,6,11.115,79.84,479.71,20.8,1.846,False
AST-0036,7,11.089,74.52,490.28,20.02,1.913,False
AST-0036,8,11.058,74.65,503.91,22.34,1.875,False
AST-0036,9,11.033,72.82,486.34,25.6,1.834,False
AST-0036,10,11.005,75.06,499.36,27.83,1.923,False
AST-0036,11,10.977,73.7,503.47,26.85,1.941,False
AST-0036,12,10.94,76.34,533.22,27.42,1.876,False
AST-0036,13,10.914,78.28,531.05,25.76,1.915,False
AST-0036,14,10.9,80.43,520.39,22.44,1.911,False
AST-0036,15,10.872,79.92,515.74,21.54,1.803,False
AST-0036,16,10.864,78.19,506.45,21.08,2.007,False
AST-0036,17,10.834,76.43,503.04,17.46,1.882,False
AST-0036,18,10.812,79.02,474.46,18.52,1.879,False
AST-0036,19,10.782,74.54,492.31,19.88,1.89,False
AST-0036,20,10.757,73.97,492.95,22.24,1.893,False
AST-0036,21,10.726,74.15,501.3,24.04,1.901,False
AST-0036,22,10.712,75.7,504.65,26.71,1.895,False
AST-0036,23,10.692,73.12,503.82,28.73,1.99,False
AST-0036,24,10.653,78.83,525.58,27.28,1.932,False
AST-0036,25,10.622,78.2,528.88,27.87,1.936,False
AST-0036,26,10.59,80.73,529.51,24.36,1.959,False
AST-0036,27,10.571,81.3,520.78,20.6,2.057,False
AST-0036,28,10.535,79.02,512.9,21.48,1.875,False
AST-0036,29,10.508,77.95,510.32,17.48,1.956,False
AST-0036,30,10.5,77.38,478.13,19.96,1.847,False
AST-0036,31,10.469,75.34,475.49,22.13,1.873,False
AST-0036,32,10.444,76.19,497.5,21.69,1.907,False
AST-0036,33,10.41,72.97,520.02,24.31,1.923,False
AST-0036,34,10.397,73.81,500.0,26.65,1.874,False
AST-0036,35,10.378,74.88,515.89,28.96,1.934,False
AST-0037,0,11.161,80.44,256.82,52.05,2.939,False
AST-0037,1,11.13,86.36,278.11,52.54,3.017,False
AST-0037,2,11.091,83.81,49.94,49.21,2.997,True
AST-0037,3,11.072,87.49,254.58,44.85,2.946,False
AST-0037,4,11.031,82.78,248.26,45.39,2.95,False
AST-0037,5,11.011,82.65,262.2,44.13,2.97,False
AST-0037,6,10.978,81.93,224.61,44.32,2.936,False
AST-0037,7,10.94,78.48,232.94,45.42,2.892,False
AST-0037,8,10.924,80.18,225.37,49.71,3.037,False
AST-0037,9,10.91,77.6,222.61,52.24,2.983,False
AST-0037,10,10.879,78.87,244.36,53.51,2.999,False
AST-0037,11,10.83,79.8,250.25,50.48,3.015,False
AST-0037,12,10.795,81.13,256.71,52.51,3.007,False
AST-0037,13,10.764,84.66,264.82,50.72,2.994,False
AST-0037,14,10.728,82.02,253.13,46.78,2.975,False
AST-0037,15,10.695,85.7,279.96,46.66,2.945,False
AST-0037,16,10.662,83.39,240.99,45.24,3.035,False
AST-0037,17,10.636,82.54,242.45,44.5,3.119,False
AST-0037,18,10.607,82.62,221.98,43.64,2.963,False
AST-0037,19,10.572,79.96,238.37,45.44,2.921,False
AST-0037,20,10.559,77.32,234.21,47.61,3.03,False
AST-0037,21,10.528,78.02,244.38,51.09,3.016,False
AST-0037,22,10.498,81.14,234.25,51.33,3.021,False
AST-0037,23,10.459,80.39,265.52,53.25,2.986,False
AST-0037,24,10.432,80.68,267.2,52.85,2.963,False
AST-0037,25,10.382,82.57,260.89,49.52,2.982,False
AST-0037,26,10.34,84.5,272.96,49.53,3.039,False
AST-0037,27,10.291,84.48,243.17,46.91,3.023,False
AST-0037,28,10.245,87.25,252.77,44.49,2.914,False
AST-0037,29,10.217,83.55,237.0,43.83,2.979,False
AST-0037,30,10.21,82.02,240.83,45.66,3.02,False
AST-0037,31,10.175,80.24,230.95,45.43,2.945,False
AST-0037,32,10.153,79.93,227.97,47.5,2.955,False
AST-0037,33,10.111,77.04,221.95,51.37,2.915,False
AST-0037,34,10.061,81.57,252.07,53.12,3.096,False
AST-0037,35,10.032,81.51,33.08,54.55,2.982,True
AST-0038,0,6.703,82.91,598.85,53.7,2.305,False
AST-0038,1,6.679,81.93,617.53,54.48,2.237,False
AST-0038,2,6.67,83.72,611.32,52.47,2.267,False
AST-0038,3,6.657,81.19,601.1,49.96,2.334,False
AST-0038,4,6.64,87.47,588.37,47.17,2.283,False
AST-0038,5,6.63,85.34,578.83,47.28,2.335,False
AST-0038,6,6.614,81.65,580.04,46.1,2.27,False
AST-0038,7,6.62,81.02,560.98,47.74,2.338,False
AST-0038,8,6.627,78.52,580.13,50.43,2.372,False
AST-0038,9,6.637,79.47,577.13,51.17,2.297,False
AST-0038,10,6.639,82.16,30.08,55.01,2.244,True
AST-0038,11,6.643,84.0,597.52,55.33,2.354,False
AST-0038,12,6.621,79.46,612.28,53.52,2.35,False
AST-0038,13,6.618,82.75,617.73,53.49,2.381,False
AST-0038,14,6.601,82.01,628.07,50.52,2.392,False
AST-0038,15,6.585,85.81,573.28,48.58,2.36,False
AST-0038,16,6.587,83.42,568.89,47.19,2.211,False
AST-0038,17,6.564,82.05,589.35,45.66,2.317,False
AST-0038,18,6.547,78.8,558.18,46.18,2.295,False
AST-0038,19,6.543,82.59,574.93,48.19,2.315,False
AST-0038,20,6.527,79.32,582.89,48.56,2.216,False
AST-0038,21,6.518,79.13,582.7,53.51,2.243,False
AST-0038,22,6.521,79.24,573.58,55.27,2.232,False
AST-0038,23,6.501,80.1,586.02,55.16,2.23,False
AST-0038,24,6.489,82.1,614.54,56.0,2.305,False
AST-0038,25,6.489,82.1,600.07,52.9,2.31,False
AST-0038,26,6.448,81.84,609.83,49.9,2.286,False
AST-0038,27,6.429,83.58,602.2,48.34,2.235,False
AST-0038,28,6.422,83.97,599.84,46.54,2.293,False
AST-0038,29,6.406,81.71,591.61,47.19,2.296,False
AST-0038,30,6.395,81.78,573.32,45.74,2.333,False
AST-0038,31,6.388,77.28,577.89,47.19,2.316,False
AST-0038,32,6.396,78.78,580.68,51.02,2.311,False
AST-0038,33,6.373,78.87,570.47,52.14,2.317,False
AST-0038,34,6.367,79.9,574.44,53.88,2.202,False
AST-0038,35,6.341,82.84,604.82,55.19,2.294,False
AST-0039,0,13.124,62.54,407.08,22.25,1.144,False
AST-0039,1,13.04,63.83,406.99,22.75,1.112,False
AST-0039,2,12.974,121.56,408.81,18.7,2.429,True
AST-0039,3,12.914,64.48,400.71,16.69,1.161,False
AST-0039,4,12.866,65.51,383.31,16.09,1.234,False
AST-0039,5,12.812,64.88,386.96,14.11,1.122,False
AST-0039,6,12.748,62.71,355.21,14.42,1.127,False
AST-0039,7,12.681,61.29,366.99,16.22,1.13,False
AST-0039,8,12.612,58.71,356.41,16.83,1.154,False
AST-0039,9,12.569,58.95,388.31,19.96,1.131,False
AST-0039,10,12.497,61.46,358.75,24.13,1.172,False
AST-0039,11,12.441,58.38,396.67,23.03,1.172,False
AST-0039,12,12.378,62.16,409.48,22.62,1.123,False
AST-0039,13,12.302,65.65,405.72,19.08,1.132,False
AST-0039,14,12.239,64.11,404.99,17.76,1.076,False
AST-0039,15,12.185,65.52,407.77,17.16,1.179,False
AST-0039,16,12.114,67.18,392.62,12.41,1.113,False
AST-0039,17,12.056,66.45,377.62,13.43,1.196,False
AST-0039,18,11.99,63.87,30.37,13.49,1.181,True
AST-0039,19,11.942,58.49,375.14,16.29,1.13,False
AST-0039,20,11.871,58.7,362.58,18.04,1.185,False
AST-0039,21,11.809,59.16,380.8,20.4,1.112,False
AST-0039,22,11.75,59.49,370.56,21.69,1.166,False
AST-0039,23,11.68,61.85,417.47,22.56,1.059,False
AST-0039,24,11.623,61.06,405.19,24.13,1.217,False
AST-0039,25,11.538,63.49,391.07,22.28,1.048,False
AST-0039,26,11.469,64.97,403.29,17.62,1.139,False
AST-0039,27,11.405,64.28,385.75,15.44,1.159,False
AST-0039,28,11.336,63.92,366.26,14.67,1.095,False
AST-0039,29,11.279,62.54,379.78,15.71,1.177,False
AST-0039,30,11.212,59.9,359.37,11.27,1.226,False
AST-0039,31,11.144,61.22,351.93,15.21,1.229,False
AST-0039,32,11.086,57.29,383.45,17.78,1.052,False
AST-0039,33,11.035,144.23,378.69,19.9,3.781,True
AST-0039,34,10.976,143.63,376.22,22.19,2.933,True
AST-0039,35,10.926,60.45,402.64,25.61,1.086,False
AST-0040,0,6.231,67.99,557.09,51.95,1.748,False
AST-0040,1,6.218,63.65,542.67,50.72,1.8,False
AST-0040,2,6.2,68.0,553.05,49.68,1.709,False
AST-0040,3,6.191,66.1,546.26,46.45,1.779,False
AST-0040,4,6.179,67.5,532.63,44.45,1.736,False
AST-0040,5,6.148,66.39,531.44,42.73,1.817,False
AST-0040,6,6.136,64.93,529.62,45.14,1.78,False
AST-0040,7,6.123,61.76,508.95,45.46,1.679,False
AST-0040,8,6.128,61.31,516.2,47.98,1.749,False
AST-0040,9,6.124,101.86,517.57,51.58,3.946,True
AST-0040,10,6.125,61.86,545.86,52.82,1.707,False
AST-0040,11,6.111,61.31,544.49,53.38,1.747,False
AST-0040,12,6.111,65.29,545.27,53.49,1.81,False
AST-0040,13,6.107,64.77,544.64,52.35,1.739,False
AST-0040,14,6.085,66.01,551.41,50.53,1.759,False
AST-0040,15,6.093,65.16,545.25,46.7,1.782,False
AST-0040,16,6.089,64.45,541.65,44.5,1.865,False
AST-0040,17,6.094,66.04,523.66,43.87,1.768,False
AST-0040,18,6.106,65.01,533.11,43.95,1.807,False
AST-0040,19,6.099,61.89,518.08,46.72,1.793,False
AST-0040,20,6.099,61.71,517.14,47.89,1.825,False
AST-0040,21,6.094,61.49,511.58,51.17,1.73,False
AST-0040,22,6.071,63.53,540.91,52.87,1.758,False
AST-0040,23,6.059,61.99,531.28,53.96,1.763,False
AST-0040,24,6.05,64.21,558.24,53.4,1.736,False
AST-0040,25,6.051,65.46,550.76,52.44,1.752,False
AST-0040,26,6.029,66.1,524.67,49.93,1.749,False
AST-0040,27,6.03,66.99,559.88,46.49,1.83,False
AST-0040,28,6.029,66.62,542.66,45.16,1.816,False
AST-0040,29,6.023,66.99,523.09,42.3,1.726,False
AST-0040,30,6.012,66.5,505.71,43.27,1.748,False
AST-0040,31,6.013,62.47,502.01,46.0,1.758,False
AST-0040,32,6.011,63.7,508.28,47.1,1.829,False
AST-0040,33,6.0,62.21,524.95,50.15,1.808,False
AST-0040,34,5.985,60.24,548.21,52.13,1.729,False
AST-0040,35,5.972,63.92,542.72,54.23,1.773,False
AST-0041,0,7.907,78.11,481.92,41.06,1.74,False
AST-0041,1,7.901,79.6,486.85,40.96,1.709,False
AST-0041,2,7.903,80.63,460.6,38.16,1.635,False
AST-0041,3,7.878,84.27,441.03,35.03,1.706,False
AST-0041,4,7.875,83.95,450.54,33.72,1.828,False
AST-0041,5,7.856,79.21,426.29,32.33,1.858,False
AST-0041,6,7.838,77.37,441.45,32.01,1.67,False
AST-0041,7,7.804,80.18,424.68,34.34,1.667,False
AST-0041,8,7.787,77.42,440.5,37.25,1.776,False
AST-0041,9,7.767,75.07,442.95,40.37,1.752,False
AST-0041,10,7.768,74.64,445.52,40.55,1.728,False
AST-0041,11,7.739,77.55,468.63,43.19,1.722,False
AST-0041,12,7.717,80.62,464.67,40.81,1.663,False
AST-0041,13,7.725,83.03,475.11,40.18,1.693,False
AST-0041,14,7.722,79.9,459.28,38.5,1.78,False
AST-0041,15,7.696,81.83,470.18,35.16,1.658,False
AST-0041,16,7.689,80.48,440.52,33.38,1.78,False
AST-0041,17,7.691,78.4,432.08,33.7,1.738,False
AST-0041,18,7.669,80.27,432.15,32.55,1.762,False
AST-0041,19,7.657,76.56,438.44,35.27,1.8,False
AST-0041,20,7.637,75.48,441.8,37.91,1.879,False
AST-0041,21,7.615,76.27,437.37,39.74,1.763,False
AST-0041,22,7.588,76.7,443.59,41.66,1.682,False
AST-0041,23,7.579,78.78,461.1,43.2,1.743,False
AST-0041,24,7.573,81.43,467.13,43.59,1.818,False
AST-0041,25,7.554,80.4,457.57,40.63,1.778,False
AST-0041,26,7.542,81.17,488.05,36.55,1.774,False
AST-0041,27,7.534,81.42,466.65,36.56,1.758,False
AST-0041,28,7.506,82.66,444.65,34.33,1.774,False
AST-0041,29,7.507,77.3,440.69,33.24,1.689,False
AST-0041,30,7.49,80.86,436.04,32.3,1.771,False
AST-0041,31,7.481,75.17,430.19,34.02,1.805,False
AST-0041,32,7.448,73.05,432.74,38.87,1.704,False
AST-0041,33,7.437,74.81,440.81,38.7,1.743,False
AST-0041,34,7.424,74.73,458.52,42.72,1.696,False
AST-0041,35,7.419,78.15,461.09,43.68,1.732,False
AST-0042,0,7.132,52.97,771.07,37.86,1.928,False
AST-0042,1,7.121,55.57,769.69,36.07,2.097,False
AST-0042,2,7.111,54.26,764.36,32.52,2.108,False
AST-0042,3,7.1,54.62,778.02,31.19,2.016,False
AST-0042,4,7.073,55.07,753.92,27.4,2.028,False
AST-0042,5,7.078,53.7,765.11,28.1,2.01,False
AST-0042,6,7.062,51.22,749.01,28.55,2.099,False
AST-0042,7,7.046,49.41,740.44,30.47,2.093,False
AST-0042,8,7.029,48.69,741.1,30.29,2.111,False
AST-0042,9,7.01,49.47,738.15,33.66,2.122,False
AST-0042,10,7.003,48.67,771.32,37.51,1.971,False
AST-0042,11,6.98,49.73,758.66,38.53,2.068,False
AST-0042,12,6.969,56.14,778.4,36.3,1.994,False
AST-0042,13,6.947,55.07,783.87,36.65,2.002,False
AST-0042,14,6.931,56.13,782.37,32.34,2.047,False
AST-0042,15,6.941,55.7,768.46,30.16,2.086,False
AST-0042,16,6.923,56.94,767.38,28.73,2.056,False
AST-0042,17,6.9,49.29,746.37,27.54,2.005,False
AST-0042,18,6.868,53.11,737.72,27.48,1.98,False
AST-0042,19,6.858,47.0,742.44,30.04,2.092,False
AST-0042,20,6.848,51.84,743.7,32.75,2.017,False
AST-0042,21,6.849,47.76,738.52,33.97,2.107,False
AST-0042,22,6.829,51.13,760.19,37.57,2.071,False
AST-0042,23,6.808,52.71,764.2,36.52,1.993,False
AST-0042,24,6.784,50.65,756.88,36.37,2.072,False
AST-0042,25,6.769,52.17,791.52,35.74,2.074,False
AST-0042,26,6.75,54.74,769.9,33.34,2.084,False
AST-0042,27,6.733,53.01,764.1,29.98,2.054,False
AST-0042,28,6.731,52.36,741.36,25.3,2.038,False
AST-0042,29,6.7,51.49,753.73,26.06,1.979,False
AST-0042,30,6.689,51.18,747.1,28.62,2.027,False
AST-0042,31,6.686,47.94,726.44,30.25,2.027,False
AST-0042,32,6.674,46.98,760.24,31.45,2.078,False
AST-0042,33,6.67,48.57,756.13,34.7,2.062,False
AST-0042,34,6.651,48.13,763.96,37.49,2.078,False
AST-0042,35,6.632,50.99,785.53,37.44,2.052,False
AST-0043,0,12.219,67.28,749.05,58.91,1.857,False
AST-0043,1,12.22,70.79,734.6,58.98,1.844,False
AST-0043,2,12.216,69.23,754.31,55.23,1.787,False
AST-0043,3,12.223,71.22,728.98,53.36,1.78,False
AST-0043,4,12.225,67.24,716.27,51.56,1.768,False
AST-0043,5,12.219,67.2,707.3,53.18,1.912,False
AST-0043,6,12.225,64.94,711.65,51.05,1.818,False
AST-0043,7,12.222,66.09,703.14,52.51,1.859,False
AST-0043,8,12.206,63.05,695.36,54.44,1.76,False
AST-0043,9,12.227,63.18,702.02,58.87,1.827,False
AST-0043,10,12.228,63.58,731.83,59.25,1.77,False
AST-0043,11,12.24,65.49,729.11,62.26,1.858,False
AST-0043,12,12.238,66.14,721.74,61.24,1.812,False
AST-0043,13,12.232,66.33,741.4,59.1,1.813,False
AST-0043,14,12.217,72.21,724.58,57.19,1.662,False
AST-0043,15,12.232,68.75,715.59,53.7,1.848,False
AST-0043,16,12.233,68.36,734.66,52.35,1.747,False
AST-0043,17,12.214,69.11,699.56,50.75,1.794,False
AST-0043,18,12.228,65.52,714.97,51.07,1.801,False
AST-0043,19,12.203,65.05,708.87,52.5,1.793,False
AST-0043,20,12.207,63.63,709.02,54.73,1.806,False
AST-0043,21,12.213,65.18,707.83,57.91,1.705,False
AST-0043,22,12.206,66.55,722.64,61.2,1.745,False
AST-0043,23,12.19,63.7,105.25,61.71,1.82,True
AST-0043,24,12.169,67.48,738.15,60.13,1.808,False
AST-0043,25,12.152,68.63,745.23,58.11,1.733,False
AST-0043,26,12.167,68.65,730.59,56.96,1.905,False
AST-0043,27,12.141,69.18,732.19,52.5,1.856,False
AST-0043,28,12.138,66.23,719.59,52.77,1.794,False
AST-0043,29,12.124,67.07,724.69,51.07,1.808,False
AST-0043,30,12.12,62.59,699.23,50.09,1.887,False
AST-0043,31,12.108,64.68,687.85,52.44,1.903,False
AST-0043,32,12.129,65.48,715.14,57.19,1.858,False
AST-0043,33,12.125,60.42,707.38,58.7,1.799,False
AST-0043,34,12.132,62.43,735.35,61.95,1.806,False
AST-0043,35,12.138,66.0,744.68,59.45,1.829,False
AST-0044,0,7.569,51.59,422.73,41.76,1.234,False
AST-0044,1,7.564,52.27,427.64,39.0,1.217,False
AST-0044,2,7.54,52.78,424.22,38.97,1.193,False
AST-0044,3,7.528,56.17,434.75,35.98,1.202,False
AST-0044,4,7.494,55.35,408.6,34.29,1.174,False
AST-0044,5,7.466,51.58,408.87,32.75,1.332,False
AST-0044,6,7.437,51.49,382.98,32.28,1.201,False
AST-0044,7,7.42,51.4,394.63,33.5,1.193,False
AST-0044,8,7.404,50.53,397.17,35.07,1.173,False
AST-0044,9,7.378,50.41,419.16,39.15,1.239,False
AST-0044,10,7.36,47.26,410.65,44.05,1.216,False
AST-0044,11,7.342,49.19,411.79,44.02,1.254,False
AST-0044,12,7.332,51.0,444.48,41.8,1.047,False
AST-0044,13,7.316,53.48,443.07,40.31,1.238,False
AST-0044,14,7.314,54.49,444.31,36.77,1.164,False
AST-0044,15,7.305,53.85,419.3,34.8,1.122,False
AST-0044,16,7.288,54.4,424.75,34.71,1.277,False
AST-0044,17,7.276,52.03,403.23,32.55,1.242,False
AST-0044,18,7.263,52.65,408.0,33.28,1.199,False
AST-0044,19,7.257,48.95,394.82,34.57,1.13,False
AST-0044,20,7.241,47.52,398.79,36.16,1.165,False
AST-0044,21,7.223,47.19,398.99,39.49,1.163,False
AST-0044,22,7.224,48.24,398.1,40.67,1.284,False
AST-0044,23,7.213,53.17,425.48,41.55,1.193,False
AST-0044,24,7.182,50.67,421.48,40.11,1.206,False
AST-0044,25,7.172,51.6,442.94,39.33,1.221,False
AST-0044,26,7.158,54.26,417.96,36.99,1.311,False
AST-0044,27,7.145,59.27,413.88,36.03,1.124,False
AST-0044,28,7.144,54.45,413.73,32.56,1.255,False
AST-0044,29,7.127,54.2,388.22,31.22,1.204,False
AST-0044,30,7.099,51.14,392.23,31.52,1.217,False
AST-0044,31,7.087,49.83,397.76,33.48,1.162,False
AST-0044,32,7.103,47.96,382.94,37.68,1.179,False
AST-0044,33,7.09,47.57,397.39,39.12,1.18,False
AST-0044,34,7.065,48.23,401.18,39.86,1.204,False
AST-0044,35,7.065,51.11,429.04,42.9,1.216,False
AST-0045,0,13.265,85.51,686.48,56.87,2.107,False
AST-0045,1,13.27,81.41,720.55,56.26,2.146,False
AST-0045,2,13.258,83.18,688.26,53.63,2.01,False
AST-0045,3,13.254,85.4,684.19,49.97,2.032,False
AST-0045,4,13.249,83.39,680.46,48.68,2.101,False
AST-0045,5,13.235,82.51,670.36,47.26,2.104,False
AST-0045,6,13.222,84.55,112.3,48.9,2.035,True
AST-0045,7,13.219,81.75,661.18,51.31,2.117,False
AST-0045,8,13.228,77.84,638.29,53.37,2.157,False
AST-0045,9,13.227,79.01,666.88,56.58,2.208,False
AST-0045,10,13.216,82.26,675.39,56.74,2.117,False
AST-0045,11,13.211,79.68,698.32,58.57,2.195,False
AST-0045,12,13.184,80.5,683.74,56.98,2.189,False
AST-0045,13,13.179,83.17,685.11,57.08,2.164,False
AST-0045,14,13.167,81.49,684.22,53.99,2.105,False
AST-0045,15,13.17,87.28,694.26,51.47,2.092,False
AST-0045,16,13.176,85.26,654.56,47.41,2.107,False
AST-0045,17,13.187,82.49,671.89,49.84,2.134,False
AST-0045,18,13.182,82.09,662.89,47.85,2.16,False
AST-0045,19,13.166,81.42,656.77,48.51,2.075,False
AST-0045,20,13.16,80.68,652.33,52.55,2.055,False
AST-0045,21,13.149,80.34,659.05,54.79,2.15,False
AST-0045,22,13.144,83.11,668.44,58.21,2.066,False
AST-0045,23,13.129,80.59,675.89,56.06,2.093,False
AST-0045,24,13.132,83.0,680.96,57.36,2.066,False
AST-0045,25,13.13,82.57,692.28,55.01,2.058,False
AST-0045,26,13.126,82.15,690.44,54.44,2.086,False
AST-0045,27,13.127,86.61,700.07,51.42,2.055,False
AST-0045,28,13.107,84.25,689.6,48.55,2.131,False
AST-0045,29,13.106,83.04,671.98,48.17,2.147,False
AST-0045,30,13.107,83.13,651.77,49.58,2.118,False
AST-0045,31,13.095,81.24,642.34,49.09,2.176,False
AST-0045,32,13.104,80.79,655.53,51.71,2.066,False
AST-0045,33,13.116,78.6,669.29,56.71,2.151,False
AST-0045,34,13.093,78.23,680.61,57.61,2.08,False
AST-0045,35,13.091,82.4,669.67,58.36,2.103,False
AST-0046,0,11.236,66.35,292.49,36.46,1.838,False
AST-0046,1,11.242,67.99,297.99,36.38,1.788,False
AST-0046,2,11.215,66.46,280.78,33.68,1.948,False
AST-0046,3,11.216,70.28,287.55,31.21,1.826,False
AST-0046,4,11.209,65.44,254.06,29.01,1.825,False
AST-0046,5,11.214,65.28,257.15,30.92,1.874,False
AST-0046,6,11.203,64.81,258.12,29.94,1.894,False
AST-0046,7,11.188,62.04,254.67,30.52,1.91,False
AST-0046,8,11.192,63.08,263.15,34.24,1.93,False
AST-0046,9,11.185,61.41,22.38,37.31,1.884,True
AST-0046,10,11.179,62.68,274.84,38.18,1.846,False
AST-0046,11,11.173,66.42,288.0,38.59,1.924,False
AST-0046,12,11.154,64.37,289.66,38.65,1.89,False
AST-0046,13,11.142,67.29,303.78,37.09,1.867,False
AST-0046,14,11.143,69.39,299.55,35.93,1.906,False
AST-0046,15,11.136,68.73,276.15,33.46,1.916,False
AST-0046,16,11.111,67.91,260.95,29.3,1.962,False
AST-0046,17,11.095,68.64,273.94,29.78,1.904,False
AST-0046,18,11.081,64.05,261.44,31.12,1.877,False
AST-0046,19,11.071,62.69,237.8,32.46,1.865,False
AST-0046,20,11.07,64.48,261.7,33.49,1.828,False
AST-0046,21,11.059,62.44,261.23,36.5,1.925,False
AST-0046,22,11.048,61.08,295.54,38.0,1.898,False
AST-0046,23,11.046,63.67,280.07,38.27,1.909,False
AST-0046,24,11.022,66.35,294.17,37.02,1.848,False
AST-0046,25,10.975,68.45,301.29,37.63,1.845,False
AST-0046,26,10.979,65.94,275.98,35.65,1.885,False
AST-0046,27,10.973,66.47,275.04,31.5,1.817,False
AST-0046,28,10.978,68.63,278.5,28.84,1.873,False
AST-0046,29,10.982,67.3,262.83,30.32,1.902,False
AST-0046,30,10.971,64.51,254.78,29.74,1.883,False
AST-0046,31,10.953,65.26,240.53,31.01,1.876,False
AST-0046,32,10.965,61.56,249.61,32.29,1.896,False
AST-0046,33,10.951,61.97,241.73,37.0,1.895,False
AST-0046,34,10.925,61.33,241.25,37.23,1.912,False
AST-0046,35,10.931,61.53,276.57,37.94,1.913,False
AST-0047,0,6.274,79.7,573.73,24.81,2.058,False
AST-0047,1,6.24,78.9,573.41,24.29,2.079,False
AST-0047,2,6.229,81.67,583.54,23.58,2.164,False
AST-0047,3,6.218,82.22,567.93,19.26,2.101,False
AST-0047,4,6.195,82.33,558.12,15.95,2.097,False
AST-0047,5,6.187,80.08,551.32,18.2,2.123,False
AST-0047,6,6.167,81.11,559.36,16.02,2.054,False
AST-0047,7,6.153,78.26,535.16,17.8,2.175,False
AST-0047,8,6.132,77.61,524.06,20.0,2.061,False
AST-0047,9,6.122,76.3,532.24,25.7,2.098,False
AST-0047,10,6.114,75.85,575.8,23.46,2.108,False
AST-0047,11,6.104,76.97,556.93,26.31,1.966,False
AST-0047,12,6.091,77.39,589.58,25.25,2.082,False
AST-0047,13,6.078,82.89,602.33,24.94,2.148,False
AST-0047,14,6.062,84.38,583.32,21.91,2.112,False
AST-0047,15,6.045,80.11,552.17,19.41,2.038,False
AST-0047,16,6.03,82.3,549.52,18.12,2.09,False
AST-0047,17,6.029,80.66,559.42,17.29,2.054,False
AST-0047,18,6.025,78.44,526.8,16.61,2.126,False
AST-0047,19,6.012,77.6,548.19,17.79,2.065,False
AST-0047,20,6.009,77.62,538.5,20.88,2.158,False
AST-0047,21,6.012,77.4,549.07,22.92,2.11,False
AST-0047,22,5.984,77.6,548.02,24.79,2.009,False
AST-0047,23,5.975,75.94,574.56,27.55,2.093,False
AST-0047,24,5.957,79.4,563.63,25.19,2.079,False
AST-0047,25,5.943,81.24,562.35,24.86,2.094,False
AST-0047,26,5.933,82.51,603.69,21.96,2.091,False
AST-0047,27,5.904,80.69,572.7,18.74,2.085,False
AST-0047,28,5.877,81.61,62.52,18.48,2.069,True
AST-0047,29,5.885,81.97,547.44,15.99,2.089,False
AST-0047,30,5.869,77.38,537.93,16.91,2.148,False
AST-0047,31,5.841,79.35,533.35,17.29,2.022,False
AST-0047,32,5.835,78.63,533.05,19.93,2.106,False
AST-0047,33,5.821,77.9,547.99,23.5,2.104,False
AST-0047,34,5.803,77.07,565.61,25.98,2.084,False
AST-0047,35,5.792,78.3,563.68,26.74,2.075,False
AST-0048,0,6.026,44.71,724.37,51.54,0.772,False
AST-0048,1,5.976,48.62,737.96,50.31,0.812,False
AST-0048,2,5.927,47.27,720.35,48.77,0.913,False
AST-0048,3,5.901,47.44,718.63,46.21,0.814,False
AST-0048,4,5.872,51.28,711.26,43.01,0.883,False
AST-0048,5,5.862,46.34,695.39,40.62,0.85,False
AST-0048,6,5.837,45.56,691.27,42.23,0.85,False
AST-0048,7,5.809,43.78,678.15,44.56,0.867,False
AST-0048,8,5.756,42.39,686.56,46.29,0.805,False
AST-0048,9,5.735,41.34,690.94,48.28,0.766,False
AST-0048,10,5.698,42.89,721.79,52.01,0.88,False
AST-0048,11,5.67,43.79,716.18,53.71,0.854,False
AST-0048,12,5.636,43.97,729.29,52.15,0.844,False
AST-0048,13,5.623,46.94,722.48,52.95,0.862,False
AST-0048,14,5.608,49.75,721.4,46.87,0.871,False
AST-0048,15,5.574,48.23,719.52,45.34,0.871,False
AST-0048,16,5.535,47.88,699.9,42.97,0.892,False
AST-0048,17,5.524,48.07,713.16,40.94,0.859,False
AST-0048,18,5.499,45.65,677.37,41.53,0.839,False
AST-0048,19,5.482,44.88,682.97,43.87,0.868,False
AST-0048,20,5.445,41.2,675.38,46.41,0.857,False
AST-0048,21,5.431,42.47,688.74,47.81,0.902,False
AST-0048,22,5.391,42.64,709.13,51.05,0.721,False
AST-0048,23,5.364,44.24,698.4,52.11,0.798,False
AST-0048,24,5.336,46.31,734.62,52.19,0.897,False
AST-0048,25,5.279,44.87,721.83,50.99,0.891,False
AST-0048,26,5.244,44.67,740.79,47.45,0.916,False
AST-0048,27,5.214,47.35,723.65,45.42,0.872,False
AST-0048,28,5.186,47.52,713.02,44.1,0.861,False
AST-0048,29,5.157,50.61,714.41,39.23,0.857,False
AST-0048,30,5.13,44.51,687.63,43.19,0.796,False
AST-0048,31,5.102,42.29,698.39,42.74,0.826,False
AST-0048,32,5.053,41.57,667.8,46.13,0.877,False
AST-0048,33,5.002,44.31,698.2,48.38,0.935,False
AST-0048,34,4.98,41.97,693.66,50.8,0.842,False
AST-0048,35,4.956,41.79,700.26,52.37,0.857,False
AST-0049,0,6.396,62.55,674.38,34.07,1.979,False
AST-0049,1,6.382,62.66,690.84,31.25,1.981,False
AST-0049,2,6.349,65.63,671.31,30.46,1.957,False
AST-0049,3,6.344,61.54,672.67,28.18,1.995,False
AST-0049,4,6.329,64.31,671.55,25.19,1.985,False
AST-0049,5,6.315,62.67,657.17,24.34,1.959,False
AST-0049,6,6.307,60.89,640.58,25.1,2.01,False
AST-0049,7,6.314,60.49,646.54,25.65,2.02,False
AST-0049,8,6.291,58.42,624.85,29.24,1.961,False
AST-0049,9,6.286,57.92,649.65,29.76,2.045,False
AST-0049,10,6.281,56.82,672.08,32.31,1.988,False
AST-0049,11,6.273,57.95,668.28,34.52,1.993,False
AST-0049,12,6.261,62.44,665.52,34.08,1.933,False
AST-0049,13,6.246,61.79,673.12,33.76,2.027,False
AST-0049,14,6.248,64.6,680.24,31.51,2.012,False
AST-0049,15,6.246,64.85,663.36,28.76,2.002,False
AST-0049,16,6.225,67.07,664.08,26.01,1.959,False
AST-0049,17,6.227,62.61,656.58,26.36,1.891,False
AST-0049,18,6.202,60.75,646.77,24.16,1.934,False
AST-0049,19,6.195,58.12,646.51,25.85,1.957,False
AST-0049,20,6.183,57.72,636.92,29.15,2.034,False
AST-0049,21,6.176,57.92,634.0,31.48,1.961,False
AST-0049,22,6.171,57.89,674.29,34.7,1.935,False
AST-0049,23,6.164,60.82,675.94,34.61,2.008,False
AST-0049,24,6.137,61.11,673.58,33.85,2.043,False
AST-0049,25,6.115,61.67,677.63,33.09,1.937,False
AST-0049,26,6.099,62.4,682.37,29.46,1.998,False
AST-0049,27,6.09,64.91,676.36,27.48,1.973,False
AST-0049,28,6.074,63.27,657.21,26.47,1.986,False
AST-0049,29,6.048,59.85,668.87,23.68,1.992,False
AST-0049,30,6.044,63.08,667.04,24.77,1.998,False
AST-0049,31,6.014,56.44,649.11,25.91,1.863,False
AST-0049,32,5.983,57.53,655.45,30.26,1.98,False
AST-0049,33,5.988,57.03,663.58,31.68,1.999,False
AST-0049,34,5.953,57.86,680.42,33.74,2.066,False
AST-0049,35,5.938,59.02,675.88,35.74,2.0,False
AST-0050,0,10.841,46.42,351.27,53.16,2.157,False
AST-0050,1,10.824,50.19,334.19,52.24,2.182,False
AST-0050,2,10.805,51.49,343.3,49.63,2.113,False
AST-0050,3,10.808,51.23,331.42,46.5,2.15,False
AST-0050,4,10.811,118.11,309.2,42.97,6.502,True
AST-0050,5,10.814,47.58,310.56,42.72,2.101,False
AST-0050,6,10.802,48.09,309.5,44.92,2.068,False
AST-0050,7,10.789,42.71,308.95,46.22,2.114,False
AST-0050,8,10.781,43.62,312.13,47.1,2.039,False
AST-0050,9,10.777,43.46,320.72,52.0,2.121,False
AST-0050,10,10.741,44.95,315.03,53.21,2.059,False
AST-0050,11,10.698,48.98,324.57,52.11,2.139,False
AST-0050,12,10.668,45.4,334.94,53.12,2.152,False
AST-0050,13,10.623,49.14,341.46,51.85,2.185,False
AST-0050,14,10.591,48.57,339.61,48.31,2.095,False
AST-0050,15,10.551,47.18,337.65,46.98,2.2,False
AST-0050,16,10.509,51.2,321.12,44.03,2.174,False
AST-0050,17,10.452,49.68,306.51,44.24,2.203,False
AST-0050,18,10.408,49.29,312.48,43.09,2.347,False
AST-0050,19,10.382,44.1,294.37,45.89,2.418,False
AST-0050,20,10.337,43.64,295.72,48.14,2.251,False
AST-0050,21,10.299,42.25,298.22,51.79,2.422,False
AST-0050,22,10.253,43.98,319.74,52.09,2.248,False
AST-0050,23,10.225,46.59,334.76,52.75,2.508,False
AST-0050,24,10.187,49.22,332.56,54.01,2.358,False
AST-0050,25,10.152,44.9,342.19,52.77,2.266,False
AST-0050,26,10.113,47.87,335.37,47.97,2.312,False
AST-0050,27,10.083,47.85,331.2,47.7,2.333,False
AST-0050,28,10.061,51.81,312.28,45.69,2.335,False
AST-0050,29,10.019,48.25,323.87,45.4,2.312,False
AST-0050,30,9.976,44.99,307.44,44.93,2.351,False
AST-0050,31,9.967,47.84,299.5,45.25,2.388,False
AST-0050,32,9.935,45.06,324.99,49.32,2.393,False
AST-0050,33,9.895,43.94,305.06,50.63,2.615,False
AST-0050,34,9.859,42.09,322.27,53.3,2.295,False
AST-0050,35,9.833,44.11,335.73,55.53,2.298,False
AST-0051,0,12.338,54.75,300.63,51.25,1.407,False
AST-0051,1,12.281,59.32,271.67,48.67,1.233,False
AST-0051,2,12.222,58.01,272.17,46.19,1.486,False
AST-0051,3,12.188,59.51,281.36,43.52,1.349,False
AST-0051,4,12.152,56.73,265.23,41.96,1.304,False
AST-0051,5,12.105,58.51,252.62,42.58,1.305,False
AST-0051,6,12.059,56.56,237.92,43.32,1.255,False
AST-0051,7,12.01,55.01,255.93,43.9,1.303,False
AST-0051,8,11.942,51.75,265.97,45.85,1.318,False
AST-0051,9,11.896,49.74,247.6,47.76,1.286,False
AST-0051,10,11.849,52.12,258.36,50.37,1.343,False
AST-0051,11,11.799,54.1,260.34,50.63,1.369,False
AST-0051,12,11.753,56.69,269.59,49.53,1.327,False
AST-0051,13,11.703,56.76,297.98,48.55,1.451,False
AST-0051,14,11.664,58.02,277.84,45.6,1.47,False
AST-0051,15,11.611,57.98,267.59,44.88,1.256,False
AST-0051,16,11.575,57.9,277.02,41.49,1.361,False
AST-0051,17,11.513,54.8,260.75,40.76,1.386,False
AST-0051,18,11.464,55.52,235.71,40.11,1.311,False
AST-0051,19,11.423,53.68,223.73,42.67,1.391,False
AST-0051,20,11.375,53.44,236.51,47.09,1.443,False
AST-0051,21,11.3,51.66,239.24,47.31,1.329,False
AST-0051,22,11.255,51.79,252.63,51.15,1.39,False
AST-0051,23,11.225,52.48,288.95,51.6,1.343,False
AST-0051,24,10.933,55.62,279.21,49.9,1.326,False
AST-0051,25,10.651,54.57,302.04,48.1,1.483,False
AST-0051,26,10.365,56.54,277.02,45.5,1.41,False
AST-0051,27,10.099,58.85,271.28,43.53,1.457,False
AST-0051,28,9.82,57.41,265.95,41.13,1.555,False
AST-0051,29,9.543,59.12,256.17,39.05,1.706,False
AST-0051,30,9.276,55.24,239.79,41.39,1.625,False
AST-0051,31,8.98,51.81,226.51,41.63,1.72,False
AST-0051,32,8.712,50.73,249.5,45.37,1.721,False
AST-0051,33,8.456,55.97,266.54,49.36,1.712,False
AST-0051,34,8.19,52.11,270.02,49.04,1.84,False
AST-0051,35,7.914,53.09,274.27,50.26,1.929,False
AST-0052,0,7.913,67.72,307.89,49.53,2.494,False
AST-0052,1,7.904,70.66,287.67,47.27,2.561,False
AST-0052,2,7.894,70.39,280.61,45.39,2.597,False
AST-0052,3,7.868,70.86,287.02,43.11,2.604,False
AST-0052,4,7.856,72.28,276.77,40.86,2.608,False
AST-0052,5,7.833,68.96,259.01,39.4,2.55,False
AST-0052,6,7.838,65.8,277.62,39.23,2.683,False
AST-0052,7,7.823,64.38,254.67,43.43,2.666,False
AST-0052,8,7.818,64.09,248.3,45.24,2.669,False
AST-0052,9,7.806,67.45,254.01,46.56,2.611,False
AST-0052,10,7.796,64.46,287.82,50.42,2.594,False
AST-0052,11,7.786,66.63,278.27,49.31,2.608,False
AST-0052,12,7.773,67.85,288.25,48.54,2.626,False
AST-0052,13,7.741,69.83,300.68,48.05,2.552,False
AST-0052,14,7.736,70.35,299.36,44.32,2.618,False
AST-0052,15,7.724,72.88,283.69,41.52,2.555,False
AST-0052,16,7.718,72.31,269.72,39.89,2.471,False
AST-0052,17,7.69,70.55,252.45,38.82,2.586,False
AST-0052,18,7.695,67.89,263.49,40.48,2.632,False
AST-0052,19,7.678,66.22,253.75,41.32,2.555,False
AST-0052,20,7.651,66.02,241.98,44.43,2.565,False
AST-0052,21,7.643,65.93,255.79,45.41,2.644,False
AST-0052,22,7.628,66.57,266.98,48.04,2.603,False
AST-0052,23,7.61,65.49,292.32,49.96,2.609,False
AST-0052,24,7.596,66.36,291.06,46.66,2.511,False
AST-0052,25,7.576,69.1,285.49,46.24,2.598,False
AST-0052,26,7.545,70.45,292.96,43.51,2.57,False
AST-0052,27,7.533,70.4,288.67,43.86,2.595,False
AST-0052,28,7.511,72.35,269.44,40.15,2.578,False
AST-0052,29,7.487,69.81,274.19,38.89,2.632,False
AST-0052,30,7.464,68.33,264.9,38.99,2.598,False
AST-0052,31,7.462,67.34,242.13,41.11,2.59,False
AST-0052,32,7.445,65.63,248.62,44.53,2.55,False
AST-0052,33,7.431,63.37,253.95,47.66,2.567,False
AST-0052,34,7.406,64.91,280.19,49.44,2.602,False
AST-0052,35,7.408,65.4,281.21,51.67,2.678,False
AST-0053,0,12.759,67.45,343.53,24.13,1.533,False
AST-0053,1,12.744,68.88,341.93,21.06,1.628,False
AST-0053,2,12.72,70.97,336.9,19.96,1.606,False
AST-0053,3,12.702,70.46,357.33,16.66,1.559,False
AST-0053,4,12.681,70.84,322.7,16.01,1.587,False
AST-0053,5,12.666,68.88,332.65,13.99,1.73,False
AST-0053,6,12.636,67.41,313.56,16.16,1.541,False
AST-0053,7,12.596,63.86,299.88,16.72,1.536,False
AST-0053,8,12.565,68.24,320.5,18.7,1.684,False
AST-0053,9,12.544,63.1,311.32,20.85,1.625,False
AST-0053,10,12.52,65.26,332.35,24.51,1.626,False
AST-0053,11,12.512,67.35,328.3,24.65,1.686,False
AST-0053,12,12.481,69.76,354.84,21.25,1.574,False
AST-0053,13,12.45,69.94,320.82,21.4,1.656,False
AST-0053,14,12.422,69.87,335.0,19.26,1.619,False
AST-0053,15,12.389,70.95,349.57,16.35,1.544,False
AST-0053,16,12.362,71.16,316.12,16.52,1.652,False
AST-0053,17,12.326,68.89,309.29,14.9,1.561,False
AST-0053,18,12.306,70.4,309.14,15.84,1.58,False
AST-0053,19,12.272,67.31,318.85,15.42,1.621,False
AST-0053,20,12.254,66.08,307.85,18.54,1.621,False
AST-0053,21,12.23,65.04,315.98,22.46,1.667,False
AST-0053,22,12.212,63.98,346.61,21.87,1.622,False
AST-0053,23,12.189,64.81,329.14,23.24,1.581,False
AST-0053,24,12.163,67.03,345.72,24.02,1.599,False
AST-0053,25,12.15,71.07,347.71,21.65,1.582,False
AST-0053,26,12.141,69.27,351.47,18.31,1.539,False
AST-0053,27,12.118,70.3,337.33,17.76,1.679,False
AST-0053,28,12.109,69.13,335.75,14.28,1.659,False
AST-0053,29,12.067,70.88,329.26,13.41,1.612,False
AST-0053,30,12.056,70.03,318.44,13.91,1.682,False
AST-0053,31,12.048,67.83,295.05,15.71,1.627,False
AST-0053,32,12.014,66.09,315.54,17.54,1.631,False
AST-0053,33,11.972,62.71,313.55,19.57,1.58,False
AST-0053,34,11.952,66.94,329.14,22.42,1.61,False
AST-0053,35,11.917,64.61,330.18,24.26,1.634,False
AST-0054,0,6.468,59.76,802.43,58.3,1.219,False
AST-0054,1,6.478,62.88,813.91,56.59,1.242,False
AST-0054,2,6.473,66.96,820.59,53.77,1.203,False
AST-0054,3,6.459,64.74,796.44,50.08,1.171,False
AST-0054,4,6.456,64.19,792.88,50.48,1.247,False
AST-0054,5,6.474,60.21,110.25,49.69,1.323,True
AST-0054,6,6.461,59.73,803.82,48.3,1.334,False
AST-0054,7,6.468,59.41,778.81,50.47,1.271,False
AST-0054,8,6.459,57.94,761.55,53.04,1.238,False
AST-0054,9,6.454,57.41,767.3,55.34,1.213,False
AST-0054,10,6.448,59.51,788.95,55.79,1.263,False
AST-0054,11,6.448,57.48,800.97,59.63,1.276,False
AST-0054,12,6.427,57.49,795.96,56.33,1.261,False
AST-0054,13,6.428,61.73,814.87,55.0,1.166,False
AST-0054,14,6.413,63.12,800.93,51.91,1.277,False
AST-0054,15,6.421,60.99,787.48,50.55,1.217,False
AST-0054,16,6.415,62.79,814.23,47.81,1.237,False
AST-0054,17,6.422,62.2,789.59,48.71,1.298,False
AST-0054,18,6.427,62.77,783.36,49.58,1.291,False
AST-0054,19,6.416,60.65,764.5,53.32,1.239,False
AST-0054,20,6.408,56.88,784.95,53.67,1.199,False
AST-0054,21,6.395,56.32,778.74,56.19,1.211,False
AST-0054,22,6.392,56.36,767.8,57.91,1.13,False
AST-0054,23,6.406,56.59,804.5,58.35,1.216,False
AST-0054,24,6.409,61.12,807.38,58.96,1.277,False
AST-0054,25,6.424,60.92,810.07,55.71,1.176,False
AST-0054,26,6.396,62.42,808.81,52.75,1.291,False
AST-0054,27,6.385,65.6,797.6,51.21,1.314,False
AST-0054,28,6.403,63.84,786.2,50.41,1.249,False
AST-0054,29,6.397,62.37,785.53,49.19,1.304,False
AST-0054,30,6.393,62.28,796.67,49.96,1.239,False
AST-0054,31,6.387,59.09,792.74,49.94,1.287,False
AST-0054,32,6.399,57.68,767.83,53.7,1.234,False
AST-0054,33,6.38,59.19,796.12,55.91,1.227,False
AST-0054,34,6.383,58.16,788.37,56.2,1.235,False
AST-0054,35,6.382,59.6,812.97,57.72,1.212,False
AST-0055,0,12.392,66.23,585.98,21.49,0.631,False
AST-0055,1,12.374,69.08,579.77,18.87,0.703,False
AST-0055,2,12.363,67.37,579.25,16.09,0.715,False
AST-0055,3,12.351,72.35,569.06,14.08,0.669,False
AST-0055,4,12.344,69.92,544.78,12.65,0.647,False
AST-0055,5,12.334,69.4,534.53,8.77,0.699,False
AST-0055,6,12.311,70.15,537.74,12.75,0.675,False
AST-0055,7,12.301,62.76,535.43,14.81,0.703,False
AST-0055,8,12.283,66.67,537.58,18.15,0.65,False
AST-0055,9,12.26,63.76,541.16,19.09,0.683,False
AST-0055,10,12.262,66.2,558.14,20.01,0.694,False
AST-0055,11,12.253,65.95,560.74,23.15,0.722,False
AST-0055,12,12.218,67.16,573.33,21.44,0.577,False
AST-0055,13,12.209,69.62,579.88,18.81,0.67,False
AST-0055,14,12.191,70.47,575.46,18.3,0.685,False
AST-0055,15,12.195,68.66,562.34,13.81,0.648,False
AST-0055,16,12.186,69.04,101.97,13.29,0.621,True
AST-0055,17,12.186,68.43,558.38,10.24,0.635,False
AST-0055,18,12.171,66.63,559.24,11.18,0.682,False
AST-0055,19,12.152,68.16,552.87,12.34,0.731,False
AST-0055,20,12.128,65.07,536.56,16.46,0.724,False
AST-0055,21,12.111,64.65,520.8,16.46,0.656,False
AST-0055,22,12.088,63.25,550.25,19.61,0.736,False
AST-0055,23,12.069,66.6,574.41,21.82,0.674,False
AST-0055,24,12.026,67.78,575.9,19.8,0.733,False
AST-0055,25,11.961,70.19,586.67,17.85,0.659,False
AST-0055,26,11.921,69.59,566.04,16.29,0.796,False
AST-0055,27,11.878,69.85,576.26,12.93,0.778,False
AST-0055,28,11.836,68.18,557.03,13.03,0.833,False
AST-0055,29,11.795,65.88,563.3,9.97,0.826,False
AST-0055,30,11.728,69.34,534.25,10.74,0.807,False
AST-0055,31,11.7,66.42,534.44,13.13,0.899,False
AST-0055,32,11.656,63.63,521.62,15.41,0.995,False
AST-0055,33,11.608,62.2,531.15,16.7,0.901,False
AST-0055,34,11.57,64.51,565.9,21.09,0.779,False
AST-0055,35,11.532,64.11,569.57,21.59,1.043,False
AST-0056,0,13.391,43.06,538.16,36.51,0.85,False
AST-0056,1,13.402,46.2,531.31,35.04,0.783,False
AST-0056,2,13.381,48.04,522.11,33.08,0.855,False
AST-0056,3,13.352,45.15,533.76,30.24,0.845,False
AST-0056,4,13.338,45.28,525.29,29.11,0.906,False
AST-0056,5,13.323,43.66,505.78,27.17,0.844,False
AST-0056,6,13.309,43.84,491.04,28.89,0.884,False
AST-0056,7,13.294,43.06,500.79,28.93,0.895,False
AST-0056,8,13.264,41.88,486.52,33.8,0.74,False
AST-0056,9,13.261,42.65,502.27,33.22,0.832,False
AST-0056,10,13.254,39.74,502.09,36.28,0.865,False
AST-0056,11,13.26,41.79,525.04,37.65,0.873,False
AST-0056,12,13.239,46.85,558.39,34.73,0.736,False
AST-0056,13,13.224,44.21,537.56,34.56,0.811,False
AST-0056,14,13.215,46.69,523.46,32.12,0.874,False
AST-0056,15,13.194,44.45,509.99,30.16,0.866,False
AST-0056,16,13.17,48.31,505.21,29.35,0.726,False
AST-0056,17,13.168,45.79,491.77,26.89,0.805,False
AST-0056,18,13.139,42.66,514.82,27.0,0.92,False
AST-0056,19,13.131,40.52,505.95,29.23,0.741,False
AST-0056,20,13.131,41.63,500.83,31.17,0.818,False
AST-0056,21,13.132,40.51,503.47,33.74,0.865,False
AST-0056,22,13.116,38.23,515.75,37.04,0.862,False
AST-0056,23,13.107,42.66,520.37,35.77,0.887,False
AST-0056,24,13.094,42.25,522.9,36.66,0.81,False
AST-0056,25,13.083,43.4,543.91,35.04,0.877,False
AST-0056,26,13.058,46.29,525.3,30.98,0.856,False
AST-0056,27,13.044,40.66,530.06,30.79,0.83,False
AST-0056,28,13.027,69.57,524.21,26.59,3.067,True
AST-0056,29,13.004,88.54,484.42,25.62,2.969,True
AST-0056,30,12.979,45.68,55.45,27.93,0.895,True
AST-0056,31,12.975,39.91,506.2,29.84,0.818,False
AST-0056,32,12.951,40.77,506.88,31.41,0.871,False
AST-0056,33,12.946,39.61,487.9,34.51,0.884,False
AST-0056,34,12.929,40.04,525.13,36.9,0.915,False
AST-0056,35,12.92,41.91,527.47,35.77,0.789,False
AST-0057,0,12.153,84.4,465.21,47.66,2.874,False
AST-0057,1,12.128,86.64,469.41,44.59,2.73,False
AST-0057,2,12.098,87.98,472.22,44.23,2.807,False
AST-0057,3,12.069,85.62,454.44,39.15,2.645,False
AST-0057,4,12.021,87.32,446.52,38.25,2.675,False
AST-0057,5,11.976,85.49,422.45,36.54,2.837,False
AST-0057,6,11.959,87.72,419.97,37.14,2.721,False
AST-0057,7,11.931,83.63,442.26,38.65,2.723,False
AST-0057,8,11.895,81.93,434.32,41.35,2.778,False
AST-0057,9,11.852,84.51,440.33,44.01,2.786,False
AST-0057,10,11.812,82.23,444.19,46.91,2.774,False
AST-0057,11,11.777,83.03,468.11,47.74,2.768,False
AST-0057,12,11.745,84.72,471.0,46.78,2.769,False
AST-0057,13,11.72,89.39,476.95,43.7,2.782,False
AST-0057,14,11.692,84.53,456.72,42.94,2.685,False
AST-0057,15,11.654,86.84,453.19,39.36,2.7,False
AST-0057,16,11.631,85.97,453.75,37.6,2.738,False
AST-0057,17,11.595,85.79,434.99,35.92,2.774,False
AST-0057,18,11.562,86.63,439.56,37.28,2.81,False
AST-0057,19,11.53,84.62,420.38,39.06,2.833,False
AST-0057,20,11.502,79.01,408.86,43.54,2.788,False
AST-0057,21,11.466,79.75,435.22,43.07,2.702,False
AST-0057,22,11.451,83.11,438.52,46.54,2.821,False
AST-0057,23,11.422,82.87,454.34,48.11,2.867,False
AST-0057,24,11.308,83.52,466.21,46.94,2.687,False
AST-0057,25,11.188,83.86,473.22,44.01,2.83,False
AST-0057,26,11.049,85.94,461.9,43.87,2.885,False
AST-0057,27,10.91,140.73,459.19,39.27,5.942,True
AST-0057,28,10.778,85.19,455.72,38.44,2.931,False
AST-0057,29,10.628,85.19,440.31,36.02,2.95,False
AST-0057,30,10.489,79.41,430.93,37.51,3.08,False
AST-0057,31,10.363,81.68,397.11,38.19,2.955,False
AST-0057,32,10.229,81.14,431.78,41.24,3.144,False
AST-0057,33,10.098,81.44,435.17,45.24,2.969,False
AST-0057,34,9.957,79.49,448.73,45.52,2.986,False
AST-0057,35,9.833,81.65,461.94,46.23,3.44,False
AST-0058,0,11.57,79.95,700.07,63.58,2.055,False
AST-0058,1,11.556,79.26,688.21,61.59,1.999,False
AST-0058,2,11.54,82.05,679.39,59.21,2.025,False
AST-0058,3,11.541,79.9,691.01,55.36,2.023,False
AST-0058,4,11.533,81.91,691.94,53.3,2.078,False
AST-0058,5,11.51,77.37,690.2,53.61,2.099,False
AST-0058,6,11.505,78.39,649.81,55.22,2.013,False
AST-0058,7,11.49,76.08,651.74,56.19,2.002,False
AST-0058,8,11.466,76.03,653.64,58.33,2.057,False
AST-0058,9,11.452,76.31,646.32,62.85,2.108,False
AST-0058,10,11.454,76.67,659.81,64.42,2.011,False
AST-0058,11,11.453,77.26,696.85,63.63,2.048,False
AST-0058,12,11.449,77.04,677.25,64.11,2.054,False
AST-0058,13,11.442,78.28,671.46,64.74,2.061,False
AST-0058,14,11.43,79.38,684.83,61.19,2.067,False
AST-0058,15,11.433,81.16,682.66,58.95,2.025,False
AST-0058,16,11.424,81.93,663.15,55.3,2.095,False
AST-0058,17,11.423,79.64,649.25,53.87,2.05,False
AST-0058,18,11.394,80.12,640.25,52.66,1.985,False
AST-0058,19,11.376,79.87,655.13,55.87,1.972,False
AST-0058,20,11.368,75.98,673.42,58.38,2.101,False
AST-0058,21,11.332,75.37,671.28,61.92,2.01,False
AST-0058,22,11.314,75.26,667.05,63.1,2.029,False
AST-0058,23,11.312,79.52,691.21,63.88,2.065,False
AST-0058,24,11.309,79.36,702.99,63.72,2.107,False
AST-0058,25,11.304,80.22,699.07,61.43,2.111,False
AST-0058,26,11.292,82.63,689.65,58.91,2.031,False
AST-0058,27,11.287,80.33,697.32,57.3,2.085,False
AST-0058,28,11.256,83.2,668.71,55.37,2.007,False
AST-0058,29,11.261,80.0,671.29,53.93,1.98,False
AST-0058,30,11.23,79.42,649.94,54.89,2.144,False
AST-0058,31,11.249,81.41,636.54,55.87,1.978,False
AST-0058,32,11.237,73.23,656.33,59.65,1.992,False
AST-0058,33,11.229,75.42,658.25,59.87,2.06,False
AST-0058,34,11.23,74.94,675.43,62.09,2.043,False
AST-0058,35,11.221,75.61,688.1,63.78,2.027,False
AST-0059,0,12.659,62.94,451.74,43.76,1.912,False
AST-0059,1,12.638,61.77,444.12,41.02,2.016,False
AST-0059,2,12.616,63.67,437.54,37.43,1.892,False
AST-0059,3,12.606,64.57,445.5,36.88,2.033,False
AST-0059,4,12.587,63.66,438.44,35.12,1.969,False
AST-0059,5,12.576,64.28,396.65,35.45,1.988,False
AST-0059,6,12.565,63.98,423.86,34.42,1.969,False
AST-0059,7,12.543,58.63,405.81,38.0,1.958,False
AST-0059,8,12.537,58.73,401.2,38.86,1.882,False
AST-0059,9,12.528,58.21,412.39,42.88,1.971,False
AST-0059,10,12.502,60.68,423.55,43.51,2.024,False
AST-0059,11,12.477,59.15,434.16,45.2,2.03,False
AST-0059,12,12.465,59.78,451.7,42.7,2.004,False
AST-0059,13,12.45,64.99,431.93,43.64,1.979,False
AST-0059,14,12.414,65.2,440.07,38.59,1.884,False
AST-0059,15,12.404,62.24,440.06,35.37,1.914,False
AST-0059,16,12.379,63.16,427.7,34.57,1.96,False
AST-0059,17,12.365,61.72,410.15,35.15,2.001,False
AST-0059,18,12.357,96.53,431.3,33.51,4.326,True
AST-0059,19,12.333,60.91,412.49,37.08,2.042,False
AST-0059,20,12.29,60.37,402.11,39.46,1.998,False
AST-0059,21,12.275,56.69,421.35,40.49,1.988,False
AST-0059,22,12.25,56.43,433.57,43.37,1.97,False
AST-0059,23,12.234,60.15,436.75,44.26,2.074,False
AST-0059,24,12.22,63.95,440.33,42.03,1.926,False
AST-0059,25,12.218,62.1,445.85,43.16,1.994,False
AST-0059,26,12.207,65.07,458.26,39.95,1.984,False
AST-0059,27,12.176,66.81,440.61,36.41,1.955,False
AST-0059,28,12.16,64.71,430.32,36.01,1.981,False
AST-0059,29,12.145,61.8,415.54,35.9,2.06,False
AST-0059,30,12.124,59.1,411.95,33.75,2.044,False
AST-0059,31,12.1,58.33,406.5,36.85,2.014,False
AST-0059,32,12.073,57.55,411.26,39.62,1.979,False
AST-0059,33,12.056,59.66,404.85,40.22,1.993,False
AST-0059,34,12.05,60.57,414.64,42.96,1.932,False
AST-0059,35,12.039,60.71,436.86,45.05,1.932,False
AST-0060,0,6.257,57.85,507.04,58.01,2.77,False
AST-0060,1,6.192,60.85,522.12,56.39,2.757,False
AST-0060,2,6.143,60.31,499.7,53.2,2.857,False
AST-0060,3,6.079,58.98,493.56,50.31,2.809,False
AST-0060,4,6.001,59.41,464.19,50.48,2.841,False
AST-0060,5,5.946,57.28,494.71,48.24,2.732,False
AST-0060,6,5.875,57.44,458.65,47.62,2.773,False
AST-0060,7,5.817,53.19,468.36,50.41,2.796,False
AST-0060,8,5.48,56.24,469.2,53.17,2.831,False
AST-0060,9,5.122,56.03,461.47,55.03,2.934,False
AST-0060,10,4.762,54.23,494.0,58.02,2.824,False
AST-0060,11,4.417,52.97,500.51,58.35,2.997,False
AST-0060,12,4.07,53.8,514.82,57.72,2.985,False
AST-0060,13,3.721,59.21,513.08,56.25,3.078,False
AST-0060,14,3.375,60.42,506.0,54.01,3.292,False
AST-0060,15,3.006,58.62,493.03,48.92,3.265,False
AST-0060,16,2.641,58.05,508.24,48.06,3.506,False
AST-0060,17,2.299,56.34,466.18,46.92,3.307,False
AST-0060,18,1.94,53.41,463.34,49.33,3.318,False
AST-0060,19,1.601,54.97,464.58,49.74,3.215,False
AST-0060,20,1.258,53.92,469.17,53.65,3.209,False
AST-0060,21,0.917,49.59,483.5,56.21,3.368,False
AST-0060,22,0.573,53.57,495.96,57.18,3.274,False
AST-0060,23,0.5,54.09,486.57,57.06,3.587,False
AST-0060,24,0.5,54.99,489.43,58.46,3.149,False
AST-0060,25,0.5,56.3,511.36,55.52,3.448,False
AST-0060,26,0.5,55.57,499.15,55.1,3.281,False
AST-0060,27,0.5,56.58,506.15,50.94,3.488,False
AST-0060,28,0.5,59.67,481.32,48.69,3.576,False
AST-0060,29,0.5,59.62,59.16,48.25,3.607,True
AST-0060,30,0.5,55.32,474.71,48.61,3.336,False
AST-0060,31,0.5,52.77,462.64,50.16,3.139,False
AST-0060,32,0.5,53.87,460.69,53.36,3.077,False
AST-0060,33,0.5,51.52,466.11,54.76,3.662,False
AST-0060,34,0.5,54.0,465.2,58.28,3.289,False
AST-0060,35,0.5,54.17,489.07,57.91,3.056,False
AST-0061,0,7.592,55.79,658.05,22.09,2.315,False
AST-0061,1,7.593,58.85,672.66,20.12,2.276,False
AST-0061,2,7.583,57.61,663.71,18.77,2.162,False
AST-0061,3,7.559,58.57,664.89,17.12,2.326,False
AST-0061,4,7.57,58.05,656.47,13.44,2.317,False
AST-0061,5,7.572,57.18,633.85,12.84,2.217,False
AST-0061,6,7.574,52.0,617.64,12.44,2.195,False
AST-0061,7,7.562,52.81,618.43,14.19,2.172,False
AST-0061,8,7.562,54.36,622.85,17.19,2.201,False
AST-0061,9,7.557,54.5,628.19,20.05,2.199,False
AST-0061,10,7.551,55.93,641.05,21.96,2.162,False
AST-0061,11,7.552,53.75,655.63,22.77,2.145,False
AST-0061,12,7.54,53.89,663.8,22.85,2.189,False
AST-0061,13,7.549,58.76,674.15,20.97,2.284,False
AST-0061,14,7.519,60.58,686.7,17.79,2.222,False
AST-0061,15,7.475,57.79,665.52,15.93,2.207,False
AST-0061,16,7.429,59.09,655.86,14.35,2.374,False
AST-0061,17,7.4,55.28,652.42,14.69,2.227,False
AST-0061,18,7.359,56.92,635.79,12.1,2.368,False
AST-0061,19,7.323,52.75,619.68,14.73,2.395,False
AST-0061,20,7.293,54.18,620.88,18.25,2.549,False
AST-0061,21,7.271,49.07,640.0,20.49,2.445,False
AST-0061,22,7.236,51.14,641.03,22.37,2.695,False
AST-0061,23,7.192,50.25,660.69,22.08,2.725,False
AST-0061,24,7.145,55.42,664.64,22.14,2.79,False
AST-0061,25,7.107,56.5,672.93,20.89,2.999,False
AST-0061,26,7.092,58.37,662.72,19.39,3.031,False
AST-0061,27,7.055,58.06,660.82,15.23,2.849,False
AST-0061,28,7.021,55.83,654.4,14.49,2.656,False
AST-0061,29,7.001,54.69,649.93,13.74,2.779,False
AST-0061,30,6.98,54.15,635.38,13.85,2.998,False
AST-0061,31,6.96,51.82,644.52,13.88,2.575,False
AST-0061,32,6.928,51.61,643.4,18.64,3.069,False
AST-0061,33,6.898,49.66,632.19,19.11,2.497,False
AST-0061,34,6.866,50.13,648.53,21.45,2.854,False
AST-0061,35,6.824,53.75,651.31,23.89,2.836,False
AST-0062,0,6.98,68.64,766.73,34.38,1.895,False
AST-0062,1,6.972,69.52,787.41,34.42,1.902,False
AST-0062,2,6.953,71.7,753.86,30.9,1.908,False
AST-0062,3,6.915,73.1,748.16,28.85,1.927,False
AST-0062,4,6.877,71.69,747.79,27.45,1.862,False
AST-0062,5,6.85,70.97,751.48,26.99,1.892,False
AST-0062,6,6.836,71.5,726.67,28.66,1.765,False
AST-0062,7,6.801,67.94,726.77,29.1,1.864,False
AST-0062,8,6.783,66.79,736.32,33.53,1.849,False
AST-0062,9,6.764,69.11,732.72,34.01,1.849,False
AST-0062,10,6.748,67.32,750.33,35.9,1.947,False
AST-0062,11,6.738,66.67,766.23,36.19,1.868,False
AST-0062,12,6.696,69.44,765.22,37.27,1.924,False
AST-0062,13,6.674,71.88,777.78,32.41,1.889,False
AST-0062,14,6.635,70.94,779.95,32.29,1.865,False
AST-0062,15,6.61,72.76,778.13,30.71,1.823,False
AST-0062,16,6.589,71.19,744.7,27.52,1.885,False
AST-0062,17,6.565,71.57,764.85,26.17,1.802,False
AST-0062,18,6.521,67.7,749.58,28.18,1.742,False
AST-0062,19,6.491,67.54,733.47,28.08,1.844,False
AST-0062,20,6.471,66.33,754.05,29.88,1.773,False
AST-0062,21,6.449,65.86,747.99,33.86,1.835,False
AST-0062,22,6.434,66.39,736.82,36.82,1.852,False
AST-0062,23,6.404,68.77,769.01,36.94,1.813,False
AST-0062,24,6.381,68.42,791.0,36.49,1.825,False
AST-0062,25,6.355,70.84,782.61,34.54,1.791,False
AST-0062,26,6.334,72.88,774.06,33.28,1.858,False
AST-0062,27,6.298,74.02,758.68,29.51,1.922,False
AST-0062,28,6.268,69.96,780.04,26.7,1.761,False
AST-0062,29,6.268,69.32,776.33,26.21,1.789,False
AST-0062,30,6.252,70.74,734.19,27.29,1.803,False
AST-0062,31,6.222,67.72,737.01,28.12,1.823,False
AST-0062,32,6.181,66.02,720.85,29.93,1.907,False
AST-0062,33,6.158,68.2,741.33,34.28,1.827,False
AST-0062,34,6.137,66.48,767.17,36.39,1.852,False
AST-0062,35,6.097,68.83,765.17,35.89,1.912,False
AST-0063,0,10.025,67.42,454.03,33.98,0.538,False
AST-0063,1,10.012,68.56,461.02,31.59,0.635,False
AST-0063,2,10.01,67.81,445.98,26.54,0.606,False
AST-0063,3,10.005,66.4,448.9,25.19,0.481,False
AST-0063,4,10.009,67.27,434.55,24.78,0.497,False
AST-0063,5,10.006,67.84,437.34,22.01,0.522,False
AST-0063,6,9.983,64.05,407.67,23.89,0.509,False
AST-0063,7,9.977,66.36,398.81,26.66,0.509,False
AST-0063,8,9.958,63.42,411.14,28.31,0.529,False
AST-0063,9,9.957,63.83,407.14,29.13,0.467,False
AST-0063,10,9.969,61.9,419.87,33.61,0.488,False
AST-0063,11,9.964,66.57,439.89,33.0,0.602,False
AST-0063,12,9.956,64.66,453.27,31.24,0.506,False
AST-0063,13,9.94,67.69,432.57,29.75,0.503,False
AST-0063,14,9.95,67.76,467.33,28.93,0.548,False
AST-0063,15,9.963,66.69,425.9,26.05,0.557,False
AST-0063,16,9.958,70.34,452.4,24.75,0.529,False
AST-0063,17,9.942,64.02,437.53,22.54,0.511,False
AST-0063,18,9.935,63.87,412.21,24.04,0.548,False
AST-0063,19,9.935,65.08,422.47,26.16,0.559,False
AST-0063,20,9.924,66.95,426.29,27.5,0.492,False
AST-0063,21,9.924,63.3,414.08,31.33,0.468,False
AST-0063,22,9.922,61.67,31.38,31.5,0.499,True
AST-0063,23,9.919,65.56,455.76,33.18,0.549,False
AST-0063,24,9.911,66.12,461.97,30.72,0.526,False
AST-0063,25,9.908,65.63,438.87,31.76,0.5,False
AST-0063,26,9.896,68.82,448.5,27.62,0.532,False
AST-0063,27,9.91,66.19,436.41,25.95,0.513,False
AST-0063,28,9.896,68.55,438.43,24.26,0.538,False
AST-0063,29,9.903,65.01,421.23,23.31,0.465,False
AST-0063,30,9.908,63.93,408.8,22.39,0.568,False
AST-0063,31,9.897,63.37,407.85,27.03,0.456,False
AST-0063,32,9.877,64.09,410.81,29.01,0.521,False
AST-0063,33,9.878,61.68,411.61,31.25,0.499,False
AST-0063,34,9.889,62.98,419.38,30.95,0.532,False
AST-0063,35,9.882,64.8,439.76,32.7,0.577,False
AST-0064,0,11.963,41.02,488.22,30.23,2.88,False
AST-0064,1,11.964,47.89,489.24,27.14,2.887,False
AST-0064,2,11.948,46.53,504.14,23.54,2.965,False
AST-0064,3,11.958,46.58,489.17,22.36,2.968,False
AST-0064,4,11.941,44.04,492.04,22.19,2.914,False
AST-0064,5,11.952,44.03,487.05,19.42,2.901,False
AST-0064,6,11.962,44.54,458.33,21.94,2.964,False
AST-0064,7,11.962,40.09,447.37,20.12,2.978,False
AST-0064,8,11.95,40.83,455.38,22.74,2.947,False
AST-0064,9,11.938,39.15,471.44,28.1,2.946,False
AST-0064,10,11.929,43.47,478.85,29.16,2.931,False
AST-0064,11,11.938,43.62,475.17,30.11,2.953,False
AST-0064,12,11.941,42.04,496.69,28.64,2.871,False
AST-0064,13,11.946,43.23,493.64,28.53,2.824,False
AST-0064,14,11.952,46.22,487.09,26.85,2.939,False
AST-0064,15,11.952,46.36,488.66,22.74,2.932,False
AST-0064,16,11.953,46.73,470.33,20.98,2.934,False
AST-0064,17,11.938,42.12,460.16,20.64,3.024,False
AST-0064,18,11.935,43.91,467.43,21.11,2.948,False
AST-0064,19,11.927,42.51,446.92,21.16,2.906,False
AST-0064,20,11.941,39.99,455.67,24.02,2.96,False
AST-0064,21,11.941,38.85,474.05,26.36,2.911,False
AST-0064,22,11.945,39.83,469.51,28.17,2.965,False
AST-0064,23,11.927,43.54,504.82,29.92,2.96,False
AST-0064,24,11.916,42.24,478.21,30.46,2.87,False
AST-0064,25,11.922,46.41,508.69,27.81,2.995,False
AST-0064,26,11.897,46.94,484.85,24.92,2.925,False
AST-0064,27,11.91,46.8,473.03,19.78,2.915,False
AST-0064,28,11.916,41.17,468.52,20.13,2.901,False
AST-0064,29,11.899,45.5,477.17,20.51,2.881,False
AST-0064,30,11.887,42.57,451.34,20.37,2.858,False
AST-0064,31,11.89,42.4,458.29,22.52,2.886,False
AST-0064,32,11.882,39.43,452.27,22.05,2.947,False
AST-0064,33,11.89,41.76,464.68,24.7,2.888,False
AST-0064,34,11.89,41.26,493.63,27.03,2.908,False
AST-0064,35,11.9,41.87,485.27,27.55,2.933,False
AST-0065,0,11.036,40.18,646.63,49.83,2.196,False
AST-0065,1,11.041,40.47,651.22,48.56,2.206,False
AST-0065,2,11.027,42.32,629.74,46.73,2.24,False
AST-0065,3,10.996,41.15,622.13,39.88,2.247,False
AST-0065,4,10.986,40.83,624.22,40.93,2.24,False
AST-0065,5,10.971,41.39,626.81,40.48,2.142,False
AST-0065,6,10.949,40.77,610.14,41.93,2.119,False
AST-0065,7,10.945,40.22,605.39,40.68,2.176,False
AST-0065,8,10.939,36.55,600.11,44.99,2.289,False
AST-0065,9,10.902,37.38,619.16,46.47,2.201,False
AST-0065,10,10.903,36.27,635.07,47.34,2.223,False
AST-0065,11,10.904,41.53,623.79,48.67,2.192,False
AST-0065,12,10.895,40.31,643.34,49.24,2.166,False
AST-0065,13,10.887,40.83,658.94,47.6,2.256,False
AST-0065,14,10.865,43.71,641.93,45.23,2.189,False
AST-0065,15,10.849,43.44,643.23,42.62,2.234,False
AST-0065,16,10.852,38.96,623.77,39.97,2.156,False
AST-0065,17,10.847,39.43,640.44,39.81,2.147,False
AST-0065,18,10.84,39.81,620.36,40.2,2.294,False
AST-0065,19,10.827,40.11,616.14,43.24,2.187,False
AST-0065,20,10.843,37.18,617.31,45.25,2.197,False
AST-0065,21,10.838,36.0,608.68,45.78,2.232,False
AST-0065,22,10.823,36.86,622.64,46.72,2.22,False
AST-0065,23,10.825,38.42,630.76,51.56,2.148,False
AST-0065,24,10.827,39.24,643.76,49.16,2.201,False
AST-0065,25,10.823,42.9,641.09,47.62,2.219,False
AST-0065,26,10.808,43.15,646.63,44.97,2.148,False
AST-0065,27,10.815,45.72,612.84,43.93,2.16,False
AST-0065,28,10.829,42.32,639.65,41.46,2.184,False
AST-0065,29,10.833,43.66,611.51,39.77,2.215,False
AST-0065,30,10.82,39.45,610.27,39.7,2.122,False
AST-0065,31,10.805,39.17,604.5,42.82,2.191,False
AST-0065,32,10.8,38.91,609.31,43.79,2.127,False
AST-0065,33,10.799,37.18,636.89,47.7,2.282,False
AST-0065,34,10.779,37.52,626.88,50.92,2.187,False
AST-0065,35,10.779,39.91,627.73,50.82,2.119,False
AST-0066,0,12.787,84.67,515.86,35.55,1.296,False
AST-0066,1,12.744,87.43,508.2,35.22,1.206,False
AST-0066,2,12.721,87.48,492.42,33.38,1.323,False
AST-0066,3,12.701,89.07,506.6,29.7,1.332,False
AST-0066,4,12.673,90.26,503.91,29.3,1.324,False
AST-0066,5,12.651,84.74,468.03,26.9,1.304,False
AST-0066,6,12.611,84.92,482.0,27.03,1.344,False
AST-0066,7,12.572,83.71,480.82,27.28,1.374,False
AST-0066,8,12.545,80.29,468.99,32.93,1.288,False
AST-0066,9,12.518,84.54,481.76,33.2,1.312,False
AST-0066,10,12.486,83.18,512.26,37.28,1.35,False
AST-0066,11,12.403,85.59,477.99,37.42,1.302,False
AST-0066,12,12.344,87.71,512.1,34.18,1.294,False
AST-0066,13,12.258,85.31,509.19,34.5,1.26,False
AST-0066,14,12.178,89.88,513.56,33.27,1.381,False
AST-0066,15,12.083,85.11,482.72,30.35,1.36,False
AST-0066,16,11.998,90.1,507.99,26.39,1.31,False
AST-0066,17,11.921,87.28,480.91,25.95,1.517,False
AST-0066,18,11.849,85.58,472.57,28.39,1.492,False
AST-0066,19,11.767,85.61,464.51,29.82,1.432,False
AST-0066,20,11.692,83.15,455.26,31.23,1.505,False
AST-0066,21,11.615,79.81,474.58,34.53,1.478,False
AST-0066,22,11.532,84.57,479.85,37.41,1.558,False
AST-0066,23,11.448,82.91,496.06,35.57,1.532,False
AST-0066,24,11.38,86.65,506.75,36.53,1.537,False
AST-0066,25,11.309,85.76,511.29,36.43,1.434,False
AST-0066,26,11.235,87.08,505.66,32.6,1.721,False
AST-0066,27,11.157,88.34,512.54,28.86,1.712,False
AST-0066,28,11.092,88.73,514.3,27.41,1.649,False
AST-0066,29,11.0,86.13,486.77,27.7,1.442,False
AST-0066,30,10.912,84.48,476.43,28.7,1.463,False
AST-0066,31,10.847,83.22,480.89,26.61,1.641,False
AST-0066,32,10.772,82.18,469.39,30.56,1.454,False
AST-0066,33,10.687,82.01,479.15,33.09,1.553,False
AST-0066,34,10.636,80.92,484.88,35.22,1.498,False
AST-0066,35,10.575,83.0,480.43,36.6,1.535,False
AST-0067,0,7.207,48.83,507.85,40.09,1.944,False
AST-0067,1,7.18,50.1,515.85,38.92,1.971,False
AST-0067,2,7.174,52.36,512.77,37.15,2.028,False
AST-0067,3,7.156,56.01,507.65,32.56,1.932,False
AST-0067,4,7.154,49.68,506.78,31.38,1.941,False
AST-0067,5,7.147,47.51,471.71,31.33,1.959,False
AST-0067,6,7.144,47.81,489.11,30.35,1.913,False
AST-0067,7,7.129,46.16,478.18,34.95,1.957,False
AST-0067,8,7.106,46.66,471.22,37.56,1.945,False
AST-0067,9,7.086,45.73,499.22,37.22,1.985,False
AST-0067,10,7.061,45.29,490.33,40.53,1.964,False
AST-0067,11,7.033,47.81,503.2,40.24,1.964,False
AST-0067,12,7.035,48.78,518.13,37.92,1.956,False
AST-0067,13,6.951,50.92,511.48,37.58,1.856,False
AST-0067,14,6.88,51.74,497.52,35.33,2.006,False
AST-0067,15,6.805,49.49,496.41,32.96,2.194,False
AST-0067,16,6.727,50.99,490.66,31.36,2.082,False
AST-0067,17,6.649,47.57,488.46,31.03,2.08,False
AST-0067,18,6.571,48.95,465.41,33.35,2.138,False
AST-0067,19,6.494,45.29,469.04,32.56,2.175,False
AST-0067,20,6.424,43.37,481.6,35.92,2.42,False
AST-0067,21,6.364,42.74,480.21,36.77,2.128,False
AST-0067,22,6.27,41.19,492.0,38.64,2.534,False
AST-0067,23,6.179,46.78,514.19,39.33,2.306,False
AST-0067,24,6.09,47.84,537.94,40.37,2.553,False
AST-0067,25,6.03,47.17,513.6,39.57,2.308,False
AST-0067,26,5.95,47.06,506.35,37.25,2.538,False
AST-0067,27,5.873,50.45,516.45,33.52,2.566,False
AST-0067,28,5.789,48.77,495.16,30.85,2.221,False
AST-0067,29,5.709,45.46,475.74,32.02,2.9,False
AST-0067,30,5.631,46.37,473.74,32.5,2.477,False
AST-0067,31,5.556,45.02,489.98,31.54,2.273,False
AST-0067,32,5.488,45.77,473.88,35.29,2.69,False
AST-0067,33,5.393,43.43,484.14,38.21,2.692,False
AST-0067,34,5.319,43.98,484.26,39.91,2.585,False
AST-0067,35,5.244,44.91,504.86,40.45,2.813,False
AST-0068,0,11.857,43.16,670.38,59.28,2.937,False
AST-0068,1,11.851,44.52,659.89,59.67,2.94,False
AST-0068,2,11.844,43.82,671.18,56.31,2.92,False
AST-0068,3,11.842,46.02,668.43,53.66,2.988,False
AST-0068,4,11.83,43.24,656.09,50.56,2.964,False
AST-0068,5,11.823,43.18,649.19,51.89,3.021,False
AST-0068,6,11.812,38.52,636.21,48.94,2.878,False
AST-0068,7,11.795,39.88,644.74,53.33,2.962,False
AST-0068,8,11.766,40.23,623.83,54.74,2.902,False
AST-0068,9,11.762,38.56,641.16,55.86,2.911,False
AST-0068,10,11.749,38.72,645.71,59.13,2.902,False
AST-0068,11,11.738,40.09,659.65,61.16,3.008,False
AST-0068,12,11.74,43.96,670.04,59.36,2.988,False
AST-0068,13,11.709,43.93,679.93,57.45,2.973,False
AST-0068,14,11.691,47.07,669.63,55.3,2.911,False
AST-0068,15,11.672,45.73,656.73,53.95,2.925,False
AST-0068,16,11.67,44.11,643.87,48.43,2.957,False
AST-0068,17,11.659,43.56,657.87,51.09,2.991,False
AST-0068,18,11.636,42.74,635.35,51.93,2.853,False
AST-0068,19,11.607,40.88,615.25,54.08,2.94,False
AST-0068,20,11.606,42.8,71.33,55.36,2.868,True
AST-0068,21,11.58,38.42,649.94,56.82,2.96,False
AST-0068,22,11.562,40.01,655.64,60.11,3.007,False
AST-0068,23,11.544,42.97,641.73,61.23,3.008,False
AST-0068,24,11.523,42.21,670.49,59.58,2.955,False
AST-0068,25,11.494,44.23,660.17,58.93,3.032,False
AST-0068,26,11.49,39.95,671.08,55.35,3.005,False
AST-0068,27,11.465,47.67,672.53,55.43,3.043,False
AST-0068,28,11.452,42.72,675.12,51.75,3.036,False
AST-0068,29,11.428,39.89,636.08,50.69,2.997,False
AST-0068,30,11.425,43.05,644.8,53.56,3.01,False
AST-0068,31,11.424,43.3,636.75,52.85,2.893,False
AST-0068,32,11.404,39.99,612.12,55.93,2.896,False
AST-0068,33,11.388,38.36,648.45,58.2,3.041,False
AST-0068,34,11.373,39.03,651.04,61.54,2.949,False
AST-0068,35,11.368,37.46,660.6,61.11,2.969,False
AST-0069,0,7.525,73.68,312.78,28.16,2.701,False
AST-0069,1,7.519,74.3,325.16,26.11,2.751,False
AST-0069,2,7.503,74.79,319.89,24.77,2.576,False
AST-0069,3,7.48,76.82,293.78,22.14,2.743,False
AST-0069,4,7.478,77.16,290.59,21.51,2.624,False
AST-0069,5,7.455,74.07,270.78,17.13,2.77,False
AST-0069,6,7.425,74.1,280.92,19.62,2.718,False
AST-0069,7,7.407,74.06,256.81,19.99,2.743,False
AST-0069,8,7.368,72.11,289.89,24.9,2.648,False
AST-0069,9,7.335,67.46,296.83,27.24,2.69,False
AST-0069,10,7.313,69.8,305.1,29.96,2.702,False
AST-0069,11,7.303,70.31,314.01,27.44,2.716,False
AST-0069,12,7.293,74.17,308.35,28.49,2.742,False
AST-0069,13,7.266,71.23,314.62,27.43,2.667,False
AST-0069,14,7.258,75.18,320.1,25.52,2.716,False
AST-0069,15,7.245,75.25,305.07,22.24,2.749,False
AST-0069,16,7.224,73.2,302.16,19.83,2.642,False
AST-0069,17,7.199,75.67,287.16,19.42,2.68,False
AST-0069,18,7.17,72.6,295.68,19.75,2.624,False
AST-0069,19,7.169,70.58,269.48,22.28,2.692,False
AST-0069,20,7.15,70.13,268.23,25.44,2.617,False
AST-0069,21,7.134,70.88,280.77,26.58,2.68,False
AST-0069,22,7.116,73.06,293.56,28.59,2.686,False
AST-0069,23,7.105,71.42,301.04,29.79,2.711,False
AST-0069,24,7.086,75.06,312.84,31.64,2.696,False
AST-0069,25,7.075,76.31,304.72,27.84,2.68,False
AST-0069,26,7.06,74.12,306.84,26.5,2.717,False
AST-0069,27,7.031,74.37,310.02,22.96,2.725,False
AST-0069,28,7.021,76.22,305.32,19.77,2.656,False
AST-0069,29,7.0,72.09,288.13,18.1,2.758,False
AST-0069,30,6.963,169.67,271.91,19.14,5.985,True
AST-0069,31,6.933,70.9,289.78,20.81,2.704,False
AST-0069,32,6.896,67.64,259.61,23.38,2.76,False
AST-0069,33,6.877,71.23,279.82,26.99,2.776,False
AST-0069,34,6.867,70.81,298.24,28.68,2.744,False
AST-0069,35,6.848,71.77,303.83,31.08,2.712,False
AST-0070,0,8.174,44.71,337.14,34.87,1.244,False
AST-0070,1,8.144,52.07,337.15,31.9,1.208,False
AST-0070,2,8.126,52.71,337.23,31.03,1.238,False
AST-0070,3,8.124,51.2,308.58,29.56,1.18,False
AST-0070,4,8.132,51.49,308.47,25.46,1.199,False
AST-0070,5,8.127,49.74,317.96,25.08,1.272,False
AST-0070,6,8.124,48.41,315.76,25.05,1.263,False
AST-0070,7,8.14,45.76,311.38,27.59,1.327,False
AST-0070,8,8.153,44.19,293.75,29.65,1.245,False
AST-0070,9,8.132,44.7,299.83,32.16,1.227,False
AST-0070,10,8.126,48.66,317.73,34.98,1.206,False
AST-0070,11,8.104,48.3,318.1,34.5,1.172,False
AST-0070,12,8.081,47.43,316.76,35.68,1.213,False
AST-0070,13,8.071,49.37,327.98,32.4,1.302,False
AST-0070,14,8.049,51.32,320.76,30.35,1.224,False
AST-0070,15,8.028,51.31,309.09,29.35,1.252,False
AST-0070,16,8.002,50.28,305.31,25.58,1.18,False
AST-0070,17,7.998,49.09,291.34,24.32,1.203,False
AST-0070,18,7.989,48.52,314.26,25.19,1.276,False
AST-0070,19,7.979,47.36,287.78,27.19,1.216,False
AST-0070,20,7.967,42.89,304.74,31.58,1.254,False
AST-0070,21,7.946,43.46,306.03,31.54,1.36,False
AST-0070,22,7.926,45.58,328.58,33.45,1.304,False
AST-0070,23,7.911,47.29,310.05,32.28,1.299,False
AST-0070,24,7.888,48.98,336.39,35.24,1.122,False
AST-0070,25,7.88,51.7,333.44,33.39,1.232,False
AST-0070,26,7.874,48.35,319.42,28.89,1.173,False
AST-0070,27,7.858,51.4,313.37,26.86,1.229,False
AST-0070,28,7.847,48.76,315.51,25.25,1.264,False
AST-0070,29,7.833,51.15,277.72,24.42,1.301,False
AST-0070,30,7.803,51.0,293.72,25.09,1.197,False
AST-0070,31,7.797,46.06,278.39,27.39,1.33,False
AST-0070,32,7.789,47.37,293.25,29.38,1.24,False
AST-0070,33,7.771,45.66,289.46,31.19,1.261,False
AST-0070,34,7.764,44.15,319.12,35.0,1.146,False
AST-0070,35,7.755,47.23,328.11,36.52,1.295,False
AST-0071,0,11.678,76.52,338.77,29.0,1.423,False
AST-0071,1,11.671,82.41,333.14,28.49,1.317,False
AST-0071,2,11.659,80.79,342.67,25.15,1.355,False
AST-0071,3,11.643,80.35,342.67,22.89,1.36,False
AST-0071,4,11.623,81.65,332.18,22.32,1.348,False
AST-0071,5,11.601,79.69,315.43,19.02,1.359,False
AST-0071,6,11.574,78.06,303.02,19.45,1.33,False
AST-0071,7,11.566,77.1,297.87,24.43,1.322,False
AST-0071,8,11.539,76.31,307.91,24.95,1.39,False
AST-0071,9,11.542,70.2,308.26,28.94,1.462,False
AST-0071,10,11.542,74.74,330.96,29.72,1.243,False
AST-0071,11,11.545,77.12,334.7,29.3,1.419,False
AST-0071,12,11.535,77.61,343.21,29.99,1.406,False
AST-0071,13,11.522,80.51,331.52,27.14,1.371,False
AST-0071,14,11.516,81.45,343.79,23.68,1.348,False
AST-0071,15,11.505,80.76,343.06,22.82,1.31,False
AST-0071,16,11.502,79.1,335.36,21.37,1.41,False
AST-0071,17,11.477,79.43,319.46,20.67,1.335,False
AST-0071,18,11.473,78.05,311.48,20.36,1.327,False
AST-0071,19,11.449,75.11,303.24,21.47,1.432,False
AST-0071,20,11.449,76.07,308.29,23.96,1.355,False
AST-0071,21,11.452,75.09,314.5,27.74,1.384,False
AST-0071,22,11.462,73.03,332.26,27.84,1.388,False
AST-0071,23,11.452,77.84,344.43,28.17,1.412,False
AST-0071,24,11.415,77.64,330.69,30.02,1.449,False
AST-0071,25,11.394,77.17,351.21,25.45,1.322,False
AST-0071,26,11.388,77.57,340.29,25.84,1.365,False
AST-0071,27,11.371,79.41,351.91,21.97,1.466,False
AST-0071,28,11.364,79.09,330.52,21.57,1.424,False
AST-0071,29,11.35,75.25,316.56,21.52,1.298,False
AST-0071,30,11.338,79.01,313.93,18.59,1.285,False
AST-0071,31,11.34,75.63,309.49,21.66,1.46,False
AST-0071,32,11.318,75.71,308.24,24.38,1.354,False
AST-0071,33,11.315,76.51,309.24,27.34,1.358,False
AST-0071,34,11.283,73.67,323.52,28.45,1.371,False
AST-0071,35,11.284,74.79,342.78,31.05,1.37,False
AST-0072,0,13.84,61.41,790.42,28.85,0.978,False
AST-0072,1,13.841,61.97,797.13,27.61,1.009,False
AST-0072,2,13.826,62.61,813.05,25.16,0.911,False
AST-0072,3,13.815,63.1,786.05,20.45,0.899,False
AST-0072,4,13.813,64.1,762.75,19.52,1.03,False
AST-0072,5,13.8,61.53,766.59,18.99,0.937,False
AST-0072,6,13.777,58.49,749.97,19.75,1.014,False
AST-0072,7,13.765,58.48,756.71,24.16,0.97,False
AST-0072,8,13.743,58.21,740.8,24.2,0.971,False
AST-0072,9,13.724,58.19,776.88,27.9,0.977,False
AST-0072,10,13.693,57.96,774.54,28.22,1.076,False
AST-0072,11,13.66,59.02,778.48,28.71,1.088,False
AST-0072,12,13.621,61.27,808.79,27.88,1.063,False
AST-0072,13,13.597,60.8,802.65,26.21,1.202,False
AST-0072,14,13.562,61.89,804.18,24.92,1.204,False
AST-0072,15,13.542,64.85,807.13,20.49,1.184,False
AST-0072,16,13.499,62.47,801.55,21.51,1.23,False
AST-0072,17,13.474,60.4,772.22,19.47,1.239,False
AST-0072,18,13.441,60.98,767.31,21.41,1.465,False
AST-0072,19,13.414,57.91,757.81,22.25,1.337,False
AST-0072,20,13.392,57.88,761.9,23.98,1.412,False
AST-0072,21,13.365,57.5,769.06,25.08,1.235,False
AST-0072,22,13.326,56.0,786.57,27.14,1.336,False
AST-0072,23,13.285,57.58,785.19,28.63,1.586,False
AST-0072,24,13.255,55.95,802.71,28.5,1.528,False
AST-0072,25,13.203,61.27,791.36,28.06,1.532,False
AST-0072,26,13.188,61.24,795.05,24.09,1.218,False
AST-0072,27,13.161,61.22,790.58,22.65,1.315,False
AST-0072,28,13.128,62.81,790.11,22.07,1.639,False
AST-0072,29,13.086,62.2,760.96,20.32,1.474,False
AST-0072,30,13.075,58.92,783.64,20.05,1.29,False
AST-0072,31,13.041,54.94,756.92,22.49,1.296,False
AST-0072,32,13.004,54.23,753.7,24.05,1.147,False
AST-0072,33,12.97,54.14,756.86,28.78,1.185,False
AST-0072,34,12.933,58.11,769.12,28.14,1.424,False
AST-0072,35,12.892,57.41,788.9,29.04,1.481,False
AST-0073,0,10.843,79.75,661.06,53.99,2.839,False
AST-0073,1,10.809,80.5,664.84,51.64,2.948,False
AST-0073,2,10.77,84.55,666.31,49.59,2.958,False
AST-0073,3,10.706,81.03,653.39,46.45,2.907,False
AST-0073,4,10.672,84.04,630.35,45.72,2.956,False
AST-0073,5,10.624,80.93,621.27,42.75,2.956,False
AST-0073,6,10.58,79.07,622.72,43.94,2.836,False
AST-0073,7,10.532,78.26,639.17,44.91,2.89,False
AST-0073,8,10.488,74.21,99.35,48.59,2.817,True
AST-0073,9,10.45,74.66,634.81,52.66,2.937,False
AST-0073,10,10.405,76.77,629.5,53.25,2.967,False
AST-0073,11,10.379,75.14,643.97,53.64,2.898,False
AST-0073,12,10.332,80.36,660.28,54.18,2.891,False
AST-0073,13,10.295,80.28,640.92,51.17,2.979,False
AST-0073,14,10.247,82.46,673.72,48.23,2.875,False
AST-0073,15,10.205,81.66,657.78,46.3,2.882,False
AST-0073,16,10.159,82.57,657.57,44.45,2.908,False
AST-0073,17,10.107,81.38,616.67,43.03,2.871,False
AST-0073,18,10.07,82.07,608.91,43.11,2.936,False
AST-0073,19,10.054,75.56,618.84,47.28,3.018,False
AST-0073,20,10.014,75.81,630.02,49.87,2.986,False
AST-0073,21,9.98,76.67,644.46,50.5,2.833,False
AST-0073,22,9.941,74.33,642.83,53.4,3.016,False
AST-0073,23,9.891,167.17,655.82,52.79,10.433,True
AST-0073,24,9.853,76.82,656.05,53.84,2.941,False
AST-0073,25,9.796,79.49,657.2,53.26,2.825,False
AST-0073,26,9.741,84.08,665.83,49.97,2.871,False
AST-0073,27,9.711,80.95,656.14,46.24,2.934,False
AST-0073,28,9.651,82.91,636.21,45.42,2.882,False
AST-0073,29,9.609,81.76,614.48,41.59,2.848,False
AST-0073,30,9.578,80.76,618.21,44.03,2.921,False
AST-0073,31,9.53,78.74,634.45,45.29,2.977,False
AST-0073,32,9.479,76.83,619.31,47.48,2.883,False
AST-0073,33,9.433,76.32,634.96,51.38,2.87,False
AST-0073,34,9.393,75.9,631.71,54.59,2.847,False
AST-0073,35,9.348,79.64,659.31,54.41,3.007,False
AST-0074,0,6.388,84.91,501.21,55.15,1.782,False
AST-0074,1,6.331,87.16,486.8,51.71,1.633,False
AST-0074,2,6.29,87.07,468.54,49.35,1.598,False
AST-0074,3,6.258,87.61,486.45,46.27,1.691,False
AST-0074,4,6.226,88.01,452.57,44.78,1.675,False
AST-0074,5,6.206,84.39,450.0,44.93,1.644,False
AST-0074,6,6.187,84.15,440.2,44.91,1.683,False
AST-0074,7,6.146,84.65,432.77,45.54,1.65,False
AST-0074,8,6.13,82.77,453.13,49.63,1.599,False
AST-0074,9,6.098,82.61,454.7,51.2,1.576,False
AST-0074,10,6.072,82.36,480.68,51.2,1.619,False
AST-0074,11,5.939,85.24,475.41,53.38,1.699,False
AST-0074,12,5.835,84.88,470.59,52.24,1.733,False
AST-0074,13,5.714,87.66,481.1,51.72,1.72,False
AST-0074,14,5.575,89.83,480.29,48.6,1.733,False
AST-0074,15,5.463,86.43,477.65,46.4,1.85,False
AST-0074,16,5.33,88.68,449.0,44.36,1.88,False
AST-0074,17,5.194,86.54,467.23,44.3,1.801,False
AST-0074,18,5.054,84.51,451.33,44.93,1.982,False
AST-0074,19,4.926,83.14,449.25,46.23,2.021,False
AST-0074,20,4.788,82.44,444.35,48.05,2.02,False
AST-0074,21,4.647,81.84,443.49,51.43,1.952,False
AST-0074,22,4.515,79.98,477.39,54.23,2.019,False
AST-0074,23,4.382,83.27,465.29,53.61,2.199,False
AST-0074,24,4.251,84.28,498.9,53.62,2.165,False
AST-0074,25,4.101,85.85,493.45,50.65,1.832,False
AST-0074,26,3.978,86.16,459.38,47.83,1.98,False
AST-0074,27,3.855,87.64,474.19,46.11,1.825,False
AST-0074,28,3.715,84.83,449.54,43.84,2.216,False
AST-0074,29,3.59,85.37,60.79,43.86,2.16,True
AST-0074,30,3.461,85.31,444.5,42.61,1.871,False
AST-0074,31,3.343,82.05,444.82,45.09,2.063,False
AST-0074,32,3.215,80.35,453.66,48.59,1.817,False
AST-0074,33,3.084,80.41,458.74,51.32,2.137,False
AST-0074,34,2.956,83.56,448.53,52.25,2.004,False
AST-0074,35,2.834,81.98,476.41,52.61,2.251,False
AST-0075,0,10.915,53.3,596.72,63.06,0.661,False
AST-0075,1,10.898,55.77,608.61,59.46,0.574,False
AST-0075,2,10.882,55.24,597.86,57.55,0.6,False
AST-0075,3,10.859,57.71,597.36,55.89,0.519,False
AST-0075,4,10.851,56.96,592.19,54.52,0.684,False
AST-0075,5,10.842,57.05,577.54,53.05,0.713,False
AST-0075,6,10.829,52.96,581.49,53.93,0.622,False
AST-0075,7,10.804,53.32,573.91,55.83,0.648,False
AST-0075,8,10.771,49.54,570.37,56.47,0.615,False
AST-0075,9,10.754,51.5,564.68,60.32,0.69,False
AST-0075,10,10.747,52.68,584.88,62.5,0.672,False
AST-0075,11,10.737,51.53,590.74,64.59,0.535,False
AST-0075,12,10.736,56.09,595.74,62.49,0.54,False
AST-0075,13,10.711,100.59,603.95,59.61,1.724,True
AST-0075,14,10.701,57.68,601.73,59.89,0.722,False
AST-0075,15,10.678,58.95,586.15,55.62,0.591,False
AST-0075,16,10.666,56.29,594.38,52.3,0.572,False
AST-0075,17,10.646,53.9,581.48,54.62,0.618,False
AST-0075,18,10.621,56.58,559.36,53.77,0.675,False
AST-0075,19,10.624,53.16,555.29,54.11,0.534,False
AST-0075,20,10.616,51.89,573.07,57.96,0.635,False
AST-0075,21,10.6,49.85,565.75,60.25,0.614,False
AST-0075,22,10.573,51.91,576.0,60.17,0.582,False
AST-0075,23,10.565,52.85,595.07,65.11,0.645,False
AST-0075,24,10.543,55.62,598.29,61.75,0.598,False
AST-0075,25,10.534,53.99,609.2,60.16,0.544,False
AST-0075,26,10.521,55.1,600.54,59.34,0.649,False
AST-0075,27,10.518,56.13,602.41,57.08,0.638,False
AST-0075,28,10.486,55.86,600.86,53.94,0.671,False
AST-0075,29,10.49,54.04,563.67,51.51,0.664,False
AST-0075,30,10.477,55.27,583.07,53.93,0.619,False
AST-0075,31,10.456,53.8,569.69,55.8,0.618,False
AST-0075,32,10.432,49.47,573.47,58.56,0.563,False
AST-0075,33,10.395,50.87,562.04,61.15,0.582,False
AST-0075,34,10.375,50.02,587.32,61.54,0.656,False
AST-0075,35,10.385,53.06,591.33,64.67,0.64,False
AST-0076,0,6.306,68.97,627.15,30.05,1.316,False
AST-0076,1,6.288,72.29,633.39,26.99,1.225,False
AST-0076,2,6.27,69.45,650.5,26.96,1.287,False
AST-0076,3,6.263,72.65,642.44,25.39,1.303,False
AST-0076,4,6.26,71.77,613.94,23.53,1.324,False
AST-0076,5,6.24,71.07,622.4,19.67,1.157,False
AST-0076,6,6.245,69.43,611.66,23.02,1.236,False
AST-0076,7,6.218,65.93,611.74,23.7,1.237,False
AST-0076,8,6.199,67.77,601.19,26.08,1.236,False
AST-0076,9,6.177,64.85,619.76,29.0,1.229,False
AST-0076,10,6.164,64.19,615.65,30.35,1.293,False
AST-0076,11,6.135,66.22,627.97,32.95,1.171,False
AST-0076,12,6.125,68.9,635.05,31.48,1.28,False
AST-0076,13,6.111,70.7,649.94,31.66,1.303,False
AST-0076,14,6.092,72.07,635.14,27.27,1.154,False
AST-0076,15,6.076,72.03,648.03,22.98,1.281,False
AST-0076,16,6.054,69.37,637.01,22.04,1.241,False
AST-0076,17,6.037,68.91,615.04,20.75,1.301,False
AST-0076,18,6.001,68.88,597.7,20.31,1.377,False
AST-0076,19,5.987,70.24,616.15,22.08,1.23,False
AST-0076,20,5.978,66.45,611.91,24.48,1.282,False
AST-0076,21,5.953,66.08,605.08,29.24,1.209,False
AST-0076,22,5.933,68.29,615.79,29.9,1.205,False
AST-0076,23,5.917,66.4,624.07,31.84,1.212,False
AST-0076,24,5.887,68.95,648.95,30.51,1.267,False
AST-0076,25,5.853,72.66,654.07,28.59,1.218,False
AST-0076,26,5.819,73.54,640.47,27.53,1.305,False
AST-0076,27,5.797,72.34,625.49,23.56,1.232,False
AST-0076,28,5.775,71.73,631.13,23.51,1.334,False
AST-0076,29,5.762,68.55,622.7,22.73,1.345,False
AST-0076,30,5.762,69.74,611.29,23.03,1.339,False
AST-0076,31,5.747,66.15,607.93,22.64,1.341,False
AST-0076,32,5.721,67.08,602.72,24.93,1.164,False
AST-0076,33,5.706,67.86,603.93,28.86,1.203,False
AST-0076,34,5.708,69.74,620.21,27.61,1.232,False
AST-0076,35,5.694,67.15,625.11,30.49,1.209,False
AST-0077,0,13.046,89.53,224.28,25.67,2.698,False
AST-0077,1,13.012,90.37,246.38,24.04,2.781,False
AST-0077,2,12.986,90.7,220.4,21.73,2.69,False
AST-0077,3,12.955,92.24,228.84,17.67,2.733,False
AST-0077,4,12.92,93.25,209.74,16.49,2.772,False
AST-0077,5,12.89,90.11,181.85,14.52,2.703,False
AST-0077,6,12.863,90.9,196.73,15.4,2.712,False
AST-0077,7,12.846,88.39,190.46,17.22,2.674,False
AST-0077,8,12.809,86.87,192.44,18.82,2.769,False
AST-0077,9,12.779,82.77,199.25,22.68,2.717,False
AST-0077,10,12.758,87.52,200.96,24.23,2.692,False
AST-0077,11,12.727,89.3,219.45,27.2,2.596,False
AST-0077,12,12.683,89.87,234.79,25.23,2.672,False
AST-0077,13,12.66,91.52,233.82,25.61,2.688,False
AST-0077,14,12.621,89.95,221.82,21.47,2.704,False
AST-0077,15,12.606,89.96,226.67,19.83,2.622,False
AST-0077,16,12.574,90.8,190.76,15.58,2.653,False
AST-0077,17,12.552,89.18,201.95,14.45,2.708,False
AST-0077,18,12.537,89.75,210.32,18.38,2.631,False
AST-0077,19,12.509,89.44,168.02,17.92,2.658,False
AST-0077,20,12.5,85.74,192.46,21.26,2.7,False
AST-0077,21,12.477,85.13,197.0,23.5,2.734,False
AST-0077,22,12.463,87.09,213.48,26.03,2.649,False
AST-0077,23,12.433,87.07,214.32,26.96,2.614,False
AST-0077,24,12.416,90.49,225.38,25.54,2.67,False
AST-0077,25,12.396,89.83,247.75,23.65,2.649,False
AST-0077,26,12.355,90.96,248.03,21.6,2.69,False
AST-0077,27,12.31,88.9,222.59,18.38,2.672,False
AST-0077,28,12.29,92.07,210.35,15.34,2.702,False
AST-0077,29,12.272,93.49,213.83,16.59,2.724,False
AST-0077,30,12.238,91.54,200.89,15.61,2.681,False
AST-0077,31,12.207,87.57,184.0,19.41,2.629,False
AST-0077,32,12.197,85.17,204.34,21.54,2.679,False
AST-0077,33,12.174,84.4,221.02,24.18,2.7,False
AST-0077,34,12.154,85.55,209.67,25.11,2.666,False
AST-0077,35,12.109,88.04,223.38,25.28,2.605,False
AST-0078,0,11.658,64.45,691.6,23.08,2.61,False
AST-0078,1,11.648,61.94,693.17,19.54,2.615,False
AST-0078,2,11.624,66.77,671.89,16.71,2.731,False
AST-0078,3,11.611,64.79,681.11,13.42,2.546,False
AST-0078,4,11.606,63.47,697.41,13.11,2.599,False
AST-0078,5,11.588,62.53,674.17,12.9,2.521,False
AST-0078,6,11.578,61.42,659.14,13.52,2.611,False
AST-0078,7,11.566,57.02,658.68,15.03,2.536,False
AST-0078,8,11.548,60.9,658.21,17.28,2.632,False
AST-0078,9,11.532,57.81,671.17,17.91,2.626,False
AST-0078,10,11.51,57.98,670.83,21.57,2.607,False
AST-0078,11,11.492,57.48,673.37,20.85,2.626,False
AST-0078,12,11.476,63.95,684.55,22.59,2.588,False
AST-0078,13,11.451,66.37,686.54,21.17,2.601,False
AST-0078,14,11.437,63.84,652.8,19.44,2.55,False
AST-0078,15,11.428,63.57,684.08,15.31,2.549,False
AST-0078,16,11.416,65.73,658.41,12.55,2.621,False
AST-0078,17,11.413,62.36,660.69,12.36,2.575,False
AST-0078,18,11.394,63.73,634.94,11.33,2.635,False
AST-0078,19,11.404,61.47,667.28,13.68,2.664,False
AST-0078,20,11.389,58.07,663.11,17.8,2.671,False
AST-0078,21,11.377,63.41,673.58,20.06,2.535,False
AST-0078,22,11.38,57.75,683.7,22.0,2.554,False
AST-0078,23,11.371,61.45,671.26,22.76,2.6,False
AST-0078,24,11.343,61.3,677.78,22.83,2.588,False
AST-0078,25,11.343,64.46,712.58,19.07,2.603,False
AST-0078,26,11.305,66.2,691.47,16.68,2.536,False
AST-0078,27,11.307,62.75,681.77,15.49,2.604,False
AST-0078,28,11.286,63.05,678.09,13.57,2.615,False
AST-0078,29,11.278,62.25,644.82,10.44,2.576,False
AST-0078,30,11.278,60.44,669.28,13.76,2.522,False
AST-0078,31,11.262,59.31,642.81,14.2,2.64,False
AST-0078,32,11.257,59.84,653.04,15.96,2.57,False
AST-0078,33,11.234,61.07,655.96,18.87,2.638,False
AST-0078,34,11.234,58.92,669.34,20.74,2.604,False
AST-0078,35,11.227,60.09,665.16,20.36,2.631,False
AST-0079,0,7.377,52.11,800.22,57.85,2.853,False
AST-0079,1,7.359,50.75,791.7,55.7,2.961,False
AST-0079,2,7.345,50.66,776.59,54.51,2.927,False
AST-0079,3,7.334,51.16,806.46,51.56,2.96,False
AST-0079,4,7.334,53.08,784.89,50.4,2.814,False
AST-0079,5,7.329,51.79,775.36,49.36,2.922,False
AST-0079,6,7.314,51.31,759.83,49.91,2.959,False
AST-0079,7,7.29,49.27,755.81,51.0,3.012,False
AST-0079,8,7.261,46.21,42.48,54.29,2.911,True
AST-0079,9,7.258,46.16,784.75,55.71,3.021,False
AST-0079,10,7.231,45.04,775.44,58.5,3.054,False
AST-0079,11,7.241,45.82,782.48,57.91,2.797,False
AST-0079,12,7.223,47.81,780.87,58.53,3.0,False
AST-0079,13,7.192,50.19,785.27,55.72,2.972,False
AST-0079,14,7.182,52.09,792.73,56.41,3.002,False
AST-0079,15,7.157,52.76,780.85,50.7,3.009,False
AST-0079,16,7.154,51.58,768.58,48.36,2.965,False
AST-0079,17,7.124,51.52,767.53,49.56,2.987,False
AST-0079,18,7.115,47.69,771.19,50.48,2.928,False
AST-0079,19,7.101,46.87,748.67,52.46,2.981,False
AST-0079,20,7.081,44.46,757.32,54.54,3.056,False
AST-0079,21,7.078,45.69,774.3,56.39,3.016,False
AST-0079,22,7.066,42.71,771.64,55.86,3.049,False
AST-0079,23,7.047,44.83,786.94,60.78,3.006,False
AST-0079,24,7.034,47.29,790.13,56.57,3.096,False
AST-0079,25,7.007,49.41,778.56,58.27,2.926,False
AST-0079,26,6.985,51.31,783.94,54.27,2.935,False
AST-0079,27,6.961,51.57,779.13,53.97,2.917,False
AST-0079,28,6.944,50.81,785.93,50.52,2.984,False
AST-0079,29,6.921,53.26,767.37,48.29,2.992,False
AST-0079,30,6.904,50.24,763.2,49.7,3.015,False
AST-0079,31,6.872,47.77,750.87,48.74,3.031,False
AST-0079,32,6.852,81.06,765.89,53.22,7.715,True
AST-0079,33,6.842,44.57,772.06,55.03,3.027,False
AST-0079,34,6.84,48.05,776.17,58.42,3.033,False
AST-0079,35,6.82,48.03,786.89,58.58,2.903,False
AST-0080,0,6.729,71.93,337.32,45.6,1.223,False
AST-0080,1,6.727,77.25,354.53,45.9,1.146,False
AST-0080,2,6.722,78.53,318.72,40.8,1.119,False
AST-0080,3,6.715,75.93,327.73,39.09,1.164,False
AST-0080,4,6.714,76.22,326.69,38.8,1.141,False
AST-0080,5,6.71,75.63,291.12,36.92,1.172,False
AST-0080,6,6.705,76.88,291.34,36.67,1.068,False
AST-0080,7,6.714,76.58,294.73,39.01,1.22,False
AST-0080,8,6.711,75.47,291.1,43.98,1.173,False
AST-0080,9,6.694,72.07,294.63,43.97,1.084,False
AST-0080,10,6.69,75.0,315.3,48.44,1.026,False
AST-0080,11,6.689,75.8,318.39,45.51,1.122,False
AST-0080,12,6.699,78.06,323.63,46.72,1.129,False
AST-0080,13,6.703,76.1,333.66,46.32,1.181,False
AST-0080,14,6.689,78.38,321.84,42.65,1.162,False
AST-0080,15,6.681,76.77,341.05,37.99,1.163,False
AST-0080,16,6.67,76.6,322.95,37.82,1.074,False
AST-0080,17,6.665,74.17,319.15,38.07,1.225,False
AST-0080,18,6.664,73.76,266.71,37.05,1.222,False
AST-0080,19,6.662,72.73,294.09,40.39,1.057,False
AST-0080,20,6.643,73.57,289.95,43.24,1.066,False
AST-0080,21,6.64,72.97,275.64,43.82,1.171,False
AST-0080,22,6.623,74.3,299.78,46.9,1.084,False
AST-0080,23,6.613,72.31,327.35,46.47,1.105,False
AST-0080,24,6.617,73.73,337.55,46.66,1.061,False
AST-0080,25,6.617,74.46,305.22,45.8,1.091,False
AST-0080,26,6.606,78.87,320.22,43.38,1.237,False
AST-0080,27,6.59,78.54,316.68,39.86,1.156,False
AST-0080,28,6.594,75.52,313.61,38.01,1.101,False
AST-0080,29,6.6,75.53,308.95,37.95,1.094,False
AST-0080,30,6.604,74.77,294.92,38.01,1.15,False
AST-0080,31,6.611,74.15,295.85,39.79,1.098,False
AST-0080,32,6.62,71.82,289.79,40.27,1.119,False
AST-0080,33,6.634,71.47,282.02,46.12,1.144,False
AST-0080,34,6.628,73.37,319.15,44.51,1.199,False
AST-0080,35,6.624,73.39,288.46,45.73,1.16,False
AST-0081,0,7.465,73.87,734.04,56.54,1.093,False
AST-0081,1,7.459,73.29,747.81,56.35,1.117,False
AST-0081,2,7.465,72.61,737.51,53.7,1.185,False
AST-0081,3,7.469,72.4,756.08,52.92,1.144,False
AST-0081,4,7.457,73.77,729.37,48.82,1.096,False
AST-0081,5,7.459,74.14,727.82,48.2,1.132,False
AST-0081,6,7.427,71.9,719.69,48.96,1.093,False
AST-0081,7,7.411,67.85,712.73,51.41,1.01,False
AST-0081,8,7.381,66.61,714.02,51.07,1.026,False
AST-0081,9,7.367,68.4,733.19,55.63,1.096,False
AST-0081,10,7.362,69.06,734.75,57.8,1.142,False
AST-0081,11,7.352,71.14,730.07,58.37,1.09,False
AST-0081,12,7.353,70.11,726.4,58.61,1.177,False
AST-0081,13,7.335,73.35,755.14,56.98,1.148,False
AST-0081,14,7.328,73.3,742.59,52.37,1.053,False
AST-0081,15,7.31,73.61,766.62,50.46,1.137,False
AST-0081,16,7.29,74.17,739.82,49.44,1.198,False
AST-0081,17,7.289,72.58,703.52,50.01,1.126,False
AST-0081,18,7.281,67.81,737.71,49.05,1.064,False
AST-0081,19,7.252,68.79,707.2,50.81,1.059,False
AST-0081,20,7.225,67.8,702.02,52.54,1.168,False
AST-0081,21,7.213,71.29,737.67,56.12,1.18,False
AST-0081,22,7.205,69.38,745.11,56.28,1.143,False
AST-0081,23,7.195,69.12,739.66,58.76,1.17,False
AST-0081,24,7.187,69.33,740.27,58.27,1.079,False
AST-0081,25,7.174,73.81,741.76,55.53,1.171,False
AST-0081,26,7.167,74.24,752.56,52.68,1.184,False
AST-0081,27,7.14,71.59,742.15,51.2,1.016,False
AST-0081,28,7.15,72.75,740.16,48.86,1.069,False
AST-0081,29,7.144,71.49,731.75,47.32,1.091,False
AST-0081,30,7.147,73.26,709.17,49.79,1.158,False
AST-0081,31,7.142,69.03,715.32,49.58,1.054,False
AST-0081,32,7.141,68.53,708.37,52.84,1.186,False
AST-0081,33,7.135,67.19,712.33,54.88,1.089,False
AST-0081,34,7.119,67.48,737.04,55.95,1.183,False
AST-0081,35,7.087,70.61,741.71,59.73,1.083,False
AST-0082,0,13.816,72.61,645.87,22.6,1.095,False
AST-0082,1,13.79,72.9,673.41,20.3,1.074,False
AST-0082,2,13.759,72.63,641.45,17.56,1.062,False
AST-0082,3,13.715,75.19,643.6,14.17,1.086,False
AST-0082,4,13.708,74.16,627.06,12.89,1.027,False
AST-0082,5,13.691,71.92,619.73,11.4,1.002,False
AST-0082,6,13.663,71.83,631.19,14.73,1.06,False
AST-0082,7,13.633,70.73,616.6,14.46,0.976,False
AST-0082,8,13.612,71.11,627.45,16.29,1.089,False
AST-0082,9,13.57,66.52,630.22,19.9,1.083,False
AST-0082,10,13.57,68.44,632.94,19.41,1.029,False
AST-0082,11,13.541,69.66,664.85,22.11,1.048,False
AST-0082,12,13.535,71.23,660.44,22.54,1.012,False
AST-0082,13,13.506,73.66,664.48,20.01,0.942,False
AST-0082,14,13.484,76.22,654.13,17.81,1.047,False
AST-0082,15,13.469,74.39,637.67,15.08,1.124,False
AST-0082,16,13.444,76.46,628.77,15.8,1.004,False
AST-0082,17,13.401,70.4,641.57,12.13,0.998,False
AST-0082,18,13.389,72.29,609.83,13.02,1.093,False
AST-0082,19,13.371,70.84,602.03,13.65,1.005,False
AST-0082,20,13.345,69.74,618.02,16.13,1.101,False
AST-0082,21,13.318,68.36,630.9,18.86,1.079,False
AST-0082,22,13.286,69.17,630.78,24.28,0.977,False
AST-0082,23,13.261,69.94,647.09,21.86,1.048,False
AST-0082,24,13.212,73.14,658.06,22.51,1.119,False
AST-0082,25,13.192,70.17,661.64,21.13,0.977,False
AST-0082,26,13.177,73.62,655.04,19.45,0.984,False
AST-0082,27,13.147,75.39,652.93,16.07,0.999,False
AST-0082,28,13.126,73.76,650.49,12.68,1.043,False
AST-0082,29,13.079,76.5,625.8,12.93,1.027,False
AST-0082,30,13.055,71.47,604.04,13.1,1.024,False
AST-0082,31,13.034,69.49,624.84,15.02,1.096,False
AST-0082,32,13.014,69.86,598.49,19.02,1.04,False
AST-0082,33,13.0,66.86,628.92,19.83,1.044,False
AST-0082,34,12.985,66.71,637.96,20.18,0.958,False
AST-0082,35,12.958,73.01,655.04,23.8,1.059,False
AST-0083,0,9.654,75.33,805.55,34.04,2.829,False
AST-0083,1,9.632,78.22,806.37,31.07,2.74,False
AST-0083,2,9.633,80.36,804.17,30.56,2.705,False
AST-0083,3,9.626,78.9,789.38,27.87,2.824,False
AST-0083,4,9.631,77.79,789.56,23.56,2.782,False
AST-0083,5,9.619,168.55,761.3,22.71,7.317,True
AST-0083,6,9.576,76.09,768.15,23.57,2.844,False
AST-0083,7,9.578,74.97,775.83,27.37,2.722,False
AST-0083,8,9.552,74.1,766.15,29.57,2.726,False
AST-0083,9,9.547,75.75,781.48,31.81,2.786,False
AST-0083,10,9.518,75.22,790.26,34.78,2.79,False
AST-0083,11,9.494,73.65,803.45,32.35,2.742,False
AST-0083,12,9.462,76.96,793.11,35.49,2.913,False
AST-0083,13,9.429,80.62,790.97,31.95,2.844,False
AST-0083,14,9.413,77.08,780.0,29.86,2.924,False
AST-0083,15,9.377,79.35,790.32,26.18,3.002,False
AST-0083,16,9.342,76.99,789.33,24.01,3.035,False
AST-0083,17,9.308,76.13,763.96,26.3,3.084,False
AST-0083,18,9.279,76.42,781.99,23.24,2.964,False
AST-0083,19,9.265,70.78,763.35,25.88,3.024,False
AST-0083,20,9.236,75.82,773.53,30.21,3.08,False
AST-0083,21,9.194,69.73,777.32,31.98,3.135,False
AST-0083,22,9.168,70.38,772.56,32.75,3.387,False
AST-0083,23,9.144,74.03,772.67,35.25,2.993,False
AST-0083,24,9.144,73.41,796.73,33.33,3.242,False
AST-0083,25,9.109,74.91,788.22,32.55,3.427,False
AST-0083,26,9.071,75.26,799.37,30.75,2.967,False
AST-0083,27,9.046,78.18,794.02,25.22,3.28,False
AST-0083,28,9.021,76.3,792.15,25.86,3.23,False
AST-0083,29,8.993,77.72,781.84,24.41,3.218,False
AST-0083,30,8.955,74.05,768.05,24.07,3.241,False
AST-0083,31,8.941,72.54,756.77,27.22,3.249,False
AST-0083,32,8.904,71.33,765.42,30.91,3.166,False
AST-0083,33,8.871,70.83,776.43,31.42,3.118,False
AST-0083,34,8.839,74.55,770.1,33.13,3.176,False
AST-0083,35,8.8,76.14,808.1,34.39,3.419,False
AST-0084,0,12.237,49.24,653.65,54.72,1.897,False
AST-0084,1,12.193,48.38,641.42,49.63,1.849,False
AST-0084,2,12.149,55.37,652.89,50.68,1.819,False
AST-0084,3,12.095,51.1,628.01,48.06,1.836,False
AST-0084,4,12.044,50.46,615.11,44.08,1.909,False
AST-0084,5,11.994,48.93,596.37,43.02,1.851,False
AST-0084,6,11.942,46.85,598.36,43.88,1.892,False
AST-0084,7,11.895,46.89,614.14,45.0,1.846,False
AST-0084,8,11.85,45.77,580.98,48.01,1.818,False
AST-0084,9,11.78,46.44,592.02,52.0,1.817,False
AST-0084,10,11.738,46.16,612.38,51.94,1.831,False
AST-0084,11,11.691,48.2,603.72,55.1,1.831,False
AST-0084,12,11.641,48.67,616.92,55.9,1.906,False
AST-0084,13,11.575,51.35,650.37,51.6,1.903,False
AST-0084,14,11.533,52.26,621.97,49.98,1.85,False
AST-0084,15,11.489,51.99,636.21,47.38,1.938,False
AST-0084,16,11.447,52.02,614.34,45.59,1.869,False
AST-0084,17,11.399,51.7,597.64,44.52,1.787,False
AST-0084,18,11.346,129.7,588.88,45.76,5.112,True
AST-0084,19,11.306,46.13,612.85,44.78,1.873,False
AST-0084,20,11.255,47.58,608.56,48.26,1.87,False
AST-0084,21,11.194,49.66,594.13,49.23,1.894,False
AST-0084,22,11.126,48.02,629.89,54.91,1.939,False
AST-0084,23,11.091,48.0,629.04,54.06,1.864,False
AST-0084,24,11.051,50.71,636.87,52.87,1.812,False
AST-0084,25,10.999,50.92,628.59,50.2,1.887,False
AST-0084,26,10.958,50.66,632.26,50.12,1.849,False
AST-0084,27,10.911,54.08,628.08,47.17,1.849,False
AST-0084,28,10.872,49.62,629.63,45.56,1.87,False
AST-0084,29,10.821,49.91,604.45,43.73,1.991,False
AST-0084,30,10.772,51.56,612.44,43.25,1.855,False
AST-0084,31,10.718,47.68,595.91,45.82,1.918,False
AST-0084,32,10.674,44.15,588.8,49.02,1.883,False
AST-0084,33,10.615,48.54,605.37,51.51,1.843,False
AST-0084,34,10.579,49.61,627.33,52.05,1.826,False
AST-0084,35,10.535,48.83,622.45,55.68,1.866,False
AST-0085,0,11.075,80.78,262.4,45.11,1.775,False
AST-0085,1,11.06,83.87,290.65,45.29,1.836,False
AST-0085,2,11.05,82.09,276.63,40.43,1.791,False
AST-0085,3,11.037,83.33,267.83,38.29,1.86,False
AST-0085,4,11.032,84.44,268.19,38.57,1.815,False
AST-0085,5,11.022,83.25,241.51,36.39,1.781,False
AST-0085,6,11.004,77.74,215.13,38.74,1.723,False
AST-0085,7,11.015,79.84,240.98,39.78,1.792,False
AST-0085,8,11.014,76.53,232.2,41.63,1.789,False
AST-0085,9,11.018,76.8,253.77,43.52,1.767,False
AST-0085,10,11.006,78.22,257.46,46.13,1.718,False
AST-0085,11,10.994,76.82,272.45,48.61,1.744,False
AST-0085,12,10.991,77.29,294.33,46.47,1.734,False
AST-0085,13,10.984,80.27,291.81,44.02,1.7,False
AST-0085,14,10.974,82.07,280.83,42.98,1.775,False
AST-0085,15,10.979,81.76,257.42,40.56,1.687,False
AST-0085,16,10.97,82.35,262.39,37.97,1.744,False
AST-0085,17,10.962,83.44,245.03,37.37,1.77,False
AST-0085,18,10.955,79.95,255.93,38.87,1.83,False
AST-0085,19,10.956,78.64,245.19,38.95,1.742,False
AST-0085,20,10.938,78.8,235.27,41.38,1.824,False
AST-0085,21,10.934,75.89,237.52,43.94,1.821,False
AST-0085,22,10.917,76.15,254.41,46.3,1.766,False
AST-0085,23,10.91,77.45,279.83,47.37,1.771,False
AST-0085,24,10.903,78.85,281.94,46.16,1.665,False
AST-0085,25,10.895,80.43,286.55,42.53,1.856,False
AST-0085,26,10.89,81.73,280.27,43.37,1.745,False
AST-0085,27,10.858,84.24,269.83,40.46,1.808,False
AST-0085,28,10.867,81.88,253.85,38.13,1.815,False
AST-0085,29,10.87,80.29,249.83,38.22,1.858,False
AST-0085,30,10.85,80.87,246.04,37.8,1.757,False
AST-0085,31,10.851,78.83,236.93,39.06,1.81,False
AST-0085,32,10.849,76.81,247.89,40.87,1.787,False
AST-0085,33,10.845,76.37,230.93,44.56,1.709,False
AST-0085,34,10.835,76.35,268.12,45.41,1.74,False
AST-0085,35,10.811,81.12,249.89,46.53,1.78,False
AST-0086,0,10.551,38.4,686.22,42.21,2.846,False
AST-0086,1,10.515,41.48,694.71,42.28,2.76,False
AST-0086,2,10.491,43.09,688.94,39.01,2.854,False
AST-0086,3,10.457,44.16,678.78,37.27,2.88,False
AST-0086,4,10.413,42.63,686.14,34.17,2.835,False
AST-0086,5,10.385,42.54,638.79,34.61,2.897,False
AST-0086,6,10.37,41.23,656.78,35.45,2.86,False
AST-0086,7,10.332,38.27,656.38,37.76,2.86,False
AST-0086,8,10.298,39.63,668.63,39.65,2.749,False
AST-0086,9,10.277,37.14,679.59,40.4,2.979,False
AST-0086,10,10.258,38.74,681.81,44.13,2.828,False
AST-0086,11,10.242,37.38,681.73,43.56,2.919,False
AST-0086,12,10.217,38.75,700.72,43.28,2.924,False
AST-0086,13,10.195,41.62,688.75,42.85,2.857,False
AST-0086,14,10.167,40.3,690.53,40.52,2.873,False
AST-0086,15,10.144,42.38,673.14,36.92,2.965,False
AST-0086,16,10.123,41.16,658.47,34.5,2.904,False
AST-0086,17,10.106,40.3,670.84,34.34,2.835,False
AST-0086,18,10.057,41.9,671.37,33.11,2.859,False
AST-0086,19,10.025,40.16,656.8,35.63,2.833,False
AST-0086,20,9.991,37.69,657.04,38.98,2.88,False
AST-0086,21,9.958,37.11,662.22,41.4,2.827,False
AST-0086,22,9.925,36.41,680.71,43.43,2.907,False
AST-0086,23,9.89,37.86,686.77,45.12,2.789,False
AST-0086,24,9.841,41.49,698.4,44.54,2.85,False
AST-0086,25,9.804,40.11,682.88,41.9,2.899,False
AST-0086,26,9.779,42.51,681.17,37.44,2.815,False
AST-0086,27,9.748,43.81,690.41,36.7,2.824,False
AST-0086,28,9.723,44.03,678.27,36.61,2.843,False
AST-0086,29,9.676,41.65,669.33,33.5,2.911,False
AST-0086,30,9.654,40.95,659.49,35.25,2.907,False
AST-0086,31,9.628,39.82,664.65,35.95,2.866,False
AST-0086,32,9.596,39.31,653.17,39.07,2.855,False
AST-0086,33,9.567,35.9,660.35,40.58,2.896,False
AST-0086,34,9.544,37.53,670.36,44.62,2.844,False
AST-0086,35,9.524,39.79,693.06,45.47,2.94,False
AST-0087,0,7.169,57.7,548.01,21.67,2.509,False
AST-0087,1,7.161,55.98,549.34,21.76,2.564,False
AST-0087,2,7.162,58.59,560.47,19.04,2.622,False
AST-0087,3,7.16,57.12,554.72,17.02,2.561,False
AST-0087,4,7.132,56.14,542.13,16.37,2.537,False
AST-0087,5,7.12,59.46,556.22,14.26,2.476,False
AST-0087,6,7.092,53.99,534.4,11.84,2.496,False
AST-0087,7,7.086,54.04,518.14,14.01,2.598,False
AST-0087,8,7.096,53.55,534.3,18.23,2.569,False
AST-0087,9,7.097,53.19,542.81,22.02,2.603,False
AST-0087,10,7.085,54.21,538.22,22.51,2.597,False
AST-0087,11,7.097,57.07,567.08,24.08,2.551,False
AST-0087,12,7.098,55.84,548.34,21.71,2.68,False
AST-0087,13,7.09,57.56,557.96,21.49,2.568,False
AST-0087,14,7.092,59.42,565.92,19.77,2.599,False
AST-0087,15,7.088,61.33,547.63,14.95,2.591,False
AST-0087,16,7.093,60.03,545.76,13.56,2.66,False
AST-0087,17,7.088,54.77,539.8,13.28,2.604,False
AST-0087,18,7.069,55.46,513.39,14.59,2.551,False
AST-0087,19,7.074,53.5,541.84,16.71,2.546,False
AST-0087,20,7.089,52.66,532.5,18.6,2.536,False
AST-0087,21,7.079,53.09,544.07,21.3,2.589,False
AST-0087,22,7.065,56.12,538.6,21.38,2.556,False
AST-0087,23,7.045,52.91,554.64,24.28,2.568,False
AST-0087,24,7.036,57.73,578.45,23.48,2.523,False
AST-0087,25,7.041,60.29,579.68,23.29,2.598,False
AST-0087,26,7.046,59.17,557.28,19.06,2.594,False
AST-0087,27,7.052,60.44,562.22,16.57,2.599,False
AST-0087,28,7.033,58.93,560.44,12.95,2.586,False
AST-0087,29,7.036,59.34,545.98,11.92,2.599,False
AST-0087,30,7.037,54.85,513.53,14.02,2.555,False
AST-0087,31,7.029,53.02,528.67,15.75,2.517,False
AST-0087,32,7.017,54.18,534.06,17.7,2.572,False
AST-0087,33,7.021,53.16,538.08,19.35,2.51,False
AST-0087,34,7.006,52.29,546.72,23.22,2.551,False
AST-0087,35,7.014,53.62,569.78,25.38,2.606,False
AST-0088,0,13.492,64.97,744.57,55.46,1.829,False
AST-0088,1,13.439,67.28,737.77,51.58,1.852,False
AST-0088,2,13.35,68.13,732.54,50.15,1.814,False
AST-0088,3,13.29,67.05,744.09,49.36,1.865,False
AST-0088,4,13.237,68.87,728.21,47.81,1.771,False
AST-0088,5,13.139,63.97,711.68,46.1,1.868,False
AST-0088,6,13.056,62.27,714.19,46.73,1.739,False
AST-0088,7,13.0,63.91,697.64,48.36,1.855,False
AST-0088,8,12.914,61.13,713.32,52.27,1.763,False
AST-0088,9,12.838,60.13,709.38,51.71,1.873,False
AST-0088,10,12.753,62.21,726.18,55.12,1.877,False
AST-0088,11,12.675,148.24,739.13,56.42,6.818,True
AST-0088,12,12.587,63.44,733.49,55.7,1.823,False
AST-0088,13,12.489,66.86,746.26,55.28,1.842,False
AST-0088,14,12.415,65.4,741.67,51.49,1.759,False
AST-0088,15,12.332,67.82,734.5,48.72,1.768,False
AST-0088,16,12.252,67.22,727.21,45.63,1.818,False
AST-0088,17,12.165,65.11,704.53,44.86,1.83,False
AST-0088,18,12.079,64.44,703.43,45.5,1.932,False
AST-0088,19,12.011,59.9,700.45,48.6,1.801,False
AST-0088,20,11.931,62.92,698.61,49.34,1.834,False
AST-0088,21,11.852,61.29,719.04,51.21,1.813,False
AST-0088,22,11.776,61.87,717.97,52.62,1.818,False
AST-0088,23,11.69,63.56,711.38,54.76,1.847,False
AST-0088,24,11.601,65.43,739.17,54.33,1.714,False
AST-0088,25,11.5,68.05,741.99,52.36,1.872,False
AST-0088,26,11.415,66.91,742.66,52.05,1.883,False
AST-0088,27,11.343,63.11,731.3,47.38,1.851,False
AST-0088,28,11.265,67.67,728.87,46.36,1.914,False
AST-0088,29,11.188,64.8,722.67,45.78,1.774,False
AST-0088,30,11.095,65.63,722.56,48.08,1.916,False
AST-0088,31,11.006,62.04,685.68,47.67,1.856,False
AST-0088,32,10.944,60.83,712.64,49.06,1.838,False
AST-0088,33,10.852,63.42,709.37,52.82,1.84,False
AST-0088,34,10.766,63.39,699.7,55.05,1.854,False
AST-0088,35,10.708,62.26,726.02,57.21,1.848,False
AST-0089,0,8.387,57.09,701.5,29.29,2.753,False
AST-0089,1,8.349,60.51,681.35,25.08,2.846,False
AST-0089,2,8.335,60.14,690.86,25.35,2.927,False
AST-0089,3,8.328,61.19,701.12,21.27,2.878,False
AST-0089,4,8.311,58.46,675.05,19.56,2.866,False
AST-0089,5,8.297,56.11,662.8,19.07,2.845,False
AST-0089,6,8.265,57.81,656.12,18.43,2.748,False
AST-0089,7,8.245,54.52,653.57,20.71,2.804,False
AST-0089,8,8.224,54.67,650.31,22.42,2.829,False
AST-0089,9,8.204,54.25,666.27,27.2,2.86,False
AST-0089,10,8.18,54.77,674.89,27.34,2.758,False
AST-0089,11,8.159,55.68,693.52,28.01,2.747,False
AST-0089,12,8.157,58.12,683.3,29.28,2.883,False
AST-0089,13,8.148,59.91,703.77,24.64,2.849,False
AST-0089,14,8.136,61.85,721.87,23.98,2.773,False
AST-0089,15,8.118,59.6,675.55,21.24,2.855,False
AST-0089,16,8.11,59.2,670.8,18.68,2.8,False
AST-0089,17,8.094,56.48,675.07,19.19,2.766,False
AST-0089,18,8.056,58.62,653.45,19.13,2.826,False
AST-0089,19,8.018,56.32,663.76,20.91,2.931,False
AST-0089,20,7.982,51.52,668.7,22.93,2.921,False
AST-0089,21,7.918,54.34,656.59,24.79,2.865,False
AST-0089,22,7.856,56.92,676.39,30.6,2.926,False
AST-0089,23,7.813,56.41,707.07,29.68,2.975,False
AST-0089,24,7.758,58.29,689.03,29.96,3.013,False
AST-0089,25,7.715,57.17,689.19,26.54,2.854,False
AST-0089,26,7.696,59.36,677.83,23.61,3.115,False
AST-0089,27,7.657,58.89,705.13,22.05,3.021,False
AST-0089,28,7.592,57.12,674.59,19.63,2.974,False
AST-0089,29,7.535,60.25,652.83,17.97,3.098,False
AST-0089,30,7.5,60.97,655.74,19.73,2.902,False
AST-0089,31,7.461,55.3,646.09,22.38,3.091,False
AST-0089,32,7.421,55.1,631.69,24.01,3.041,False
AST-0089,33,7.366,54.14,667.02,25.58,3.086,False
AST-0089,34,7.33,52.96,682.87,29.0,3.09,False
AST-0089,35,7.283,58.52,669.96,29.41,2.95,False
AST-0090,0,10.614,81.74,777.07,37.08,1.614,False
AST-0090,1,10.611,81.88,782.07,37.82,1.68,False
AST-0090,2,10.6,81.17,767.65,34.83,1.66,False
AST-0090,3,10.582,81.43,50.47,32.47,1.687,True
AST-0090,4,10.566,82.57,736.75,29.97,1.647,False
AST-0090,5,10.562,81.13,732.15,30.72,1.657,False
AST-0090,6,10.563,80.14,725.73,29.07,1.555,False
AST-0090,7,10.55,77.82,752.47,31.73,1.555,False
AST-0090,8,10.536,76.53,743.03,33.84,1.513,False
AST-0090,9,10.531,186.13,726.15,36.27,5.012,True
AST-0090,10,10.518,75.9,761.47,37.93,1.651,False
AST-0090,11,10.506,77.02,759.88,39.81,1.587,False
AST-0090,12,10.492,78.48,749.14,38.93,1.607,False
AST-0090,13,10.476,82.21,765.85,35.81,1.58,False
AST-0090,14,10.464,81.49,757.41,35.12,1.601,False
AST-0090,15,10.444,82.25,767.79,32.09,1.626,False
AST-0090,16,10.443,80.94,745.24,30.07,1.62,False
AST-0090,17,10.439,82.26,756.41,28.7,1.579,False
AST-0090,18,10.427,78.93,713.35,28.03,1.663,False
AST-0090,19,10.4,78.56,717.6,30.7,1.538,False
AST-0090,20,10.387,77.93,749.3,33.48,1.544,False
AST-0090,21,10.378,75.98,740.12,34.9,1.619,False
AST-0090,22,10.363,78.1,760.74,38.42,1.664,False
AST-0090,23,10.355,80.24,742.94,38.61,1.669,False
AST-0090,24,10.347,79.32,765.49,39.67,1.658,False
AST-0090,25,10.325,81.73,776.05,35.9,1.699,False
AST-0090,26,10.341,84.81,765.31,34.11,1.582,False
AST-0090,27,10.339,81.85,752.76,31.66,1.586,False
AST-0090,28,10.326,82.91,754.54,29.86,1.561,False
AST-0090,29,10.306,83.64,748.66,28.59,1.495,False
AST-0090,30,10.288,79.57,726.46,26.99,1.612,False
AST-0090,31,10.285,79.49,717.22,30.2,1.621,False
AST-0090,32,10.278,79.32,716.93,32.11,1.535,False
AST-0090,33,10.264,75.25,722.58,36.49,1.653,False
AST-0090,34,10.244,75.74,749.3,38.61,1.588,False
AST-0090,35,10.246,77.28,760.38,40.52,1.67,False
AST-0091,0,11.589,66.41,753.32,31.36,2.585,False
AST-0091,1,11.579,66.97,739.77,29.63,2.508,False
AST-0091,2,11.553,67.03,754.46,25.2,2.541,False
AST-0091,3,11.526,66.49,722.54,24.74,2.506,False
AST-0091,4,11.513,69.51,730.98,22.24,2.467,False
AST-0091,5,11.504,66.06,704.22,20.94,2.579,False
AST-0091,6,11.489,65.71,711.25,21.59,2.535,False
AST-0091,7,11.469,61.41,712.82,22.07,2.585,False
AST-0091,8,11.433,60.49,697.27,25.9,2.557,False
AST-0091,9,11.405,61.35,712.24,27.85,2.499,False
AST-0091,10,11.386,62.78,736.88,28.86,2.494,False
AST-0091,11,11.364,64.87,740.75,31.51,2.617,False
AST-0091,12,11.355,66.51,738.21,30.51,2.544,False
AST-0091,13,11.341,67.76,741.53,29.94,2.476,False
AST-0091,14,11.302,65.85,744.55,28.4,2.524,False
AST-0091,15,11.277,68.54,736.54,21.87,2.51,False
AST-0091,16,11.255,71.84,730.8,22.63,2.584,False
AST-0091,17,11.237,66.93,714.37,21.54,2.517,False
AST-0091,18,11.228,65.77,725.73,21.3,2.618,False
AST-0091,19,11.209,64.22,703.95,21.19,2.57,False
AST-0091,20,11.185,63.76,707.44,26.76,2.524,False
AST-0091,21,11.181,61.75,719.91,29.06,2.572,False
AST-0091,22,11.177,63.83,718.63,31.04,2.444,False
AST-0091,23,11.158,64.77,725.9,29.08,2.534,False
AST-0091,24,11.129,65.01,751.63,31.1,2.592,False
AST-0091,25,11.127,66.95,747.91,29.49,2.449,False
AST-0091,26,11.099,67.99,741.76,28.45,2.472,False
AST-0091,27,11.07,68.21,737.52,23.96,2.535,False
AST-0091,28,11.055,67.61,724.75,21.69,2.414,False
AST-0091,29,11.041,64.25,714.37,20.71,2.589,False
AST-0091,30,11.015,67.62,703.93,21.48,2.612,False
AST-0091,31,10.992,63.44,713.94,23.14,2.434,False
AST-0091,32,10.985,63.12,700.1,26.08,2.528,False
AST-0091,33,10.97,63.48,727.72,27.25,2.471,False
AST-0091,34,10.951,63.09,718.71,30.36,2.611,False
AST-0091,35,10.921,64.09,725.96,30.37,2.47,False
AST-0092,0,11.159,79.1,217.24,44.13,2.648,False
AST-0092,1,11.134,83.55,233.39,40.83,2.627,False
AST-0092,2,11.104,83.5,228.28,39.2,2.66,False
AST-0092,3,11.065,83.24,223.85,34.54,2.651,False
AST-0092,4,11.048,87.19,215.2,35.83,2.705,False
AST-0092,5,11.023,84.87,10.67,33.74,2.675,True
AST-0092,6,10.992,83.57,182.87,35.28,2.644,False
AST-0092,7,10.968,80.08,190.19,34.05,2.749,False
AST-0092,8,10.94,76.78,180.61,38.0,2.633,False
AST-0092,9,10.913,75.74,202.2,40.63,2.538,False
AST-0092,10,10.881,76.77,215.93,43.19,2.611,False
AST-0092,11,10.846,78.14,218.87,44.81,2.619,False
AST-0092,12,10.829,80.72,233.05,40.82,2.635,False
AST-0092,13,10.8,81.67,220.69,42.2,2.646,False
AST-0092,14,10.769,82.89,240.25,38.56,2.722,False
AST-0092,15,10.731,83.69,248.03,36.75,2.674,False
AST-0092,16,10.715,85.5,206.98,35.52,2.72,False
AST-0092,17,10.695,81.95,175.81,33.59,2.702,False
AST-0092,18,10.674,80.51,207.08,34.08,2.755,False
AST-0092,19,10.645,78.81,212.52,35.96,2.769,False
AST-0092,20,10.602,78.54,202.35,36.99,2.68,False
AST-0092,21,10.572,75.68,200.01,41.86,2.69,False
AST-0092,22,10.564,79.11,226.62,41.79,2.767,False
AST-0092,23,10.557,77.12,228.63,43.79,2.736,False
AST-0092,24,10.528,80.97,227.16,42.84,2.644,False
AST-0092,25,10.507,82.72,234.76,41.83,2.722,False
AST-0092,26,10.497,85.08,220.09,38.77,2.632,False
AST-0092,27,10.485,83.1,229.06,36.59,2.687,False
AST-0092,28,10.449,82.79,191.61,34.92,2.701,False
AST-0092,29,10.41,163.13,209.29,35.45,7.316,True
AST-0092,30,10.378,128.53,197.72,33.48,7.066,True
AST-0092,31,10.349,82.37,192.33,33.86,2.616,False
AST-0092,32,10.321,80.8,203.58,39.14,2.651,False
AST-0092,33,10.302,79.41,198.13,39.31,2.692,False
AST-0092,34,10.279,80.7,194.25,41.56,2.655,False
AST-0092,35,10.259,79.66,215.64,43.3,2.676,False
AST-0093,0,13.481,67.46,329.21,40.18,2.335,False
AST-0093,1,13.481,66.81,336.39,38.03,2.371,False
AST-0093,2,13.474,68.59,320.67,37.16,2.383,False
AST-0093,3,13.451,69.29,308.11,34.16,2.31,False
AST-0093,4,13.422,69.48,327.15,31.87,2.322,False
AST-0093,5,13.416,65.07,306.11,29.9,2.296,False
AST-0093,6,13.398,67.19,292.84,30.93,2.398,False
AST-0093,7,13.39,64.74,281.94,32.63,2.443,False
AST-0093,8,13.37,63.39,300.04,35.1,2.323,False
AST-0093,9,13.363,64.34,282.21,38.11,2.27,False
AST-0093,10,13.328,64.83,319.64,38.9,2.297,False
AST-0093,11,13.298,63.16,312.45,40.12,2.432,False
AST-0093,12,13.276,65.98,336.95,39.87,2.408,False
AST-0093,13,13.242,64.79,328.0,40.8,2.384,False
AST-0093,14,13.231,67.35,340.28,37.22,2.394,False
AST-0093,15,13.211,70.01,322.47,34.02,2.279,False
AST-0093,16,13.185,67.55,321.8,32.44,2.363,False
AST-0093,17,13.156,67.8,298.01,33.28,2.313,False
AST-0093,18,13.135,66.54,304.57,31.41,2.38,False
AST-0093,19,13.119,66.25,296.2,32.94,2.405,False
AST-0093,20,13.097,62.62,298.81,35.32,2.387,False
AST-0093,21,13.079,65.6,290.81,36.94,2.392,False
AST-0093,22,13.042,63.41,293.85,39.4,2.268,False
AST-0093,23,13.033,65.11,315.19,40.77,2.375,False
AST-0093,24,12.999,64.91,325.6,40.18,2.358,False
AST-0093,25,12.981,66.73,331.98,39.17,2.375,False
AST-0093,26,12.965,68.74,317.67,37.31,2.335,False
AST-0093,27,12.94,71.26,323.69,34.27,2.315,False
AST-0093,28,12.921,66.17,51.98,32.39,2.309,True
AST-0093,29,12.901,67.27,312.24,29.98,2.451,False
AST-0093,30,12.873,66.05,274.98,30.67,2.323,False
AST-0093,31,12.865,63.08,290.74,33.85,2.372,False
AST-0093,32,12.859,64.07,305.63,35.46,2.292,False
AST-0093,33,12.832,62.51,312.33,39.28,2.359,False
AST-0093,34,12.817,62.44,300.66,40.54,2.36,False
AST-0093,35,12.787,64.38,321.82,42.0,2.311,False
AST-0094,0,7.166,75.72,247.02,40.56,1.073,False
AST-0094,1,7.133,71.76,231.71,40.36,1.094,False
AST-0094,2,7.097,75.53,250.33,34.72,1.09,False
AST-0094,3,7.063,77.1,261.82,32.65,1.012,False
AST-0094,4,7.043,74.16,245.91,30.94,1.123,False
AST-0094,5,7.005,72.99,235.73,32.21,1.016,False
AST-0094,6,6.953,70.14,232.89,31.55,1.017,False
AST-0094,7,6.923,70.31,216.48,33.37,1.085,False
AST-0094,8,6.894,68.79,211.14,34.01,1.097,False
AST-0094,9,6.849,69.26,224.15,36.03,1.106,False
AST-0094,10,6.816,69.7,243.95,39.3,1.082,False
AST-0094,11,6.789,71.67,244.64,38.59,1.149,False
AST-0094,12,6.756,72.64,256.57,37.03,1.11,False
AST-0094,13,6.715,70.22,280.95,36.53,1.037,False
AST-0094,14,6.677,74.62,251.78,36.76,1.089,False
AST-0094,15,6.632,75.23,261.66,33.45,1.21,False
AST-0094,16,6.598,75.58,237.61,31.68,0.943,False
AST-0094,17,6.566,73.19,221.76,30.89,1.066,False
AST-0094,18,6.534,72.65,237.18,30.61,1.133,False
AST-0094,19,6.505,70.19,216.89,32.63,1.096,False
AST-0094,20,6.474,67.01,220.09,34.49,1.181,False
AST-0094,21,6.452,69.2,231.09,36.81,1.082,False
AST-0094,22,6.4,68.68,242.17,36.5,1.132,False
AST-0094,23,6.377,69.63,253.39,39.95,1.114,False
AST-0094,24,6.35,71.47,275.17,38.83,1.225,False
AST-0094,25,6.309,71.84,268.78,38.46,0.985,False
AST-0094,26,6.272,74.3,252.31,36.51,1.047,False
AST-0094,27,6.246,75.67,233.32,32.38,1.005,False
AST-0094,28,6.205,75.61,233.37,31.41,1.082,False
AST-0094,29,6.173,68.94,239.48,29.52,1.077,False
AST-0094,30,6.154,72.01,228.22,30.77,1.061,False
AST-0094,31,6.131,69.46,218.37,32.36,1.075,False
AST-0094,32,6.095,69.42,224.53,35.22,1.103,False
AST-0094,33,6.051,69.08,235.75,36.63,0.999,False
AST-0094,34,6.027,70.08,251.74,39.33,1.038,False
AST-0094,35,5.981,68.43,269.89,41.81,1.198,False
AST-0095,0,10.052,73.63,79.12,36.23,1.086,True
AST-0095,1,10.021,76.13,465.75,34.37,1.18,False
AST-0095,2,9.974,75.6,479.66,30.99,1.114,False
AST-0095,3,9.955,77.84,463.89,27.06,1.065,False
AST-0095,4,9.931,77.38,449.77,27.35,1.111,False
AST-0095,5,9.901,77.65,433.06,27.12,1.165,False
AST-0095,6,9.86,73.57,441.97,25.36,1.165,False
AST-0095,7,9.832,73.58,446.44,26.73,1.155,False
AST-0095,8,9.824,70.34,446.51,29.96,1.09,False
AST-0095,9,9.795,71.99,429.02,32.42,1.123,False
AST-0095,10,9.779,70.91,455.08,34.53,1.089,False
AST-0095,11,9.754,73.0,477.56,33.2,1.148,False
AST-0095,12,9.719,75.84,85.53,35.94,1.054,True
AST-0095,13,9.69,74.07,480.29,34.93,1.069,False
AST-0095,14,9.652,76.21,487.32,30.49,1.111,False
AST-0095,15,9.622,77.06,473.11,27.73,1.083,False
AST-0095,16,9.579,77.6,475.36,26.93,1.143,False
AST-0095,17,9.534,77.41,435.92,26.27,1.13,False
AST-0095,18,9.523,71.75,435.47,24.43,1.1,False
AST-0095,19,9.5,72.68,425.26,27.85,1.143,False
AST-0095,20,9.478,69.56,443.26,30.14,1.115,False
AST-0095,21,9.446,71.57,440.18,31.89,1.114,False
AST-0095,22,9.396,70.88,457.89,34.99,1.187,False
AST-0095,23,9.353,72.34,490.13,35.79,1.056,False
AST-0095,24,9.311,74.18,472.17,35.71,1.1,False
AST-0095,25,9.291,78.15,463.69,33.51,1.141,False
AST-0095,26,9.274,75.16,478.94,30.14,1.014,False
AST-0095,27,9.254,78.0,464.73,28.12,1.12,False
AST-0095,28,9.233,76.27,445.44,27.08,1.102,False
AST-0095,29,9.209,75.71,442.31,25.87,1.146,False
AST-0095,30,9.169,71.6,435.51,25.63,1.146,False
AST-0095,31,9.145,70.69,429.94,26.98,1.102,False
AST-0095,32,9.106,72.17,423.68,30.0,1.039,False
AST-0095,33,9.061,70.97,436.61,31.86,1.094,False
AST-0095,34,9.018,72.89,464.71,34.69,1.059,False
AST-0095,35,8.988,70.76,468.15,36.23,1.144,False
AST-0096,0,9.217,77.12,552.05,23.5,2.81,False
AST-0096,1,9.221,78.67,106.0,23.57,2.751,True
AST-0096,2,9.211,78.28,569.37,22.66,2.832,False
AST-0096,3,9.212,78.65,565.61,17.08,2.795,False
AST-0096,4,9.204,77.56,570.72,17.74,2.82,False
AST-0096,5,9.199,79.17,534.59,13.71,2.925,False
AST-0096,6,9.189,77.01,536.33,15.41,2.791,False
AST-0096,7,9.177,75.08,527.34,15.83,2.896,False
AST-0096,8,9.168,73.04,520.19,20.44,2.787,False
AST-0096,9,9.174,75.9,546.21,22.05,2.819,False
AST-0096,10,9.181,76.5,551.89,23.42,2.74,False
AST-0096,11,9.171,113.93,557.44,24.02,8.32,True
AST-0096,12,9.156,77.97,592.03,24.98,2.801,False
AST-0096,13,9.153,75.01,575.88,21.68,2.84,False
AST-0096,14,9.145,79.11,579.63,21.73,2.794,False
AST-0096,15,9.128,78.12,543.26,18.47,2.856,False
AST-0096,16,9.117,78.55,556.16,17.07,2.782,False
AST-0096,17,9.124,79.47,527.46,15.44,2.834,False
AST-0096,18,9.119,78.08,523.09,14.59,2.784,False
AST-0096,19,9.096,74.93,520.9,18.22,2.712,False
AST-0096,20,9.089,75.92,544.18,18.63,2.804,False
AST-0096,21,9.085,74.5,533.84,22.32,2.843,False
AST-0096,22,9.075,74.16,535.98,25.71,2.82,False
AST-0096,23,9.067,75.62,564.89,25.92,2.876,False
AST-0096,24,9.042,78.17,564.23,22.93,2.8,False
AST-0096,25,9.043,78.2,569.63,23.89,2.776,False
AST-0096,26,9.033,77.87,571.47,19.78,2.703,False
AST-0096,27,9.016,82.4,567.55,18.65,2.814,False
AST-0096,28,9.004,78.35,538.25,15.64,2.86,False
AST-0096,29,9.009,78.97,534.68,15.56,2.845,False
AST-0096,30,9.008,78.5,538.59,15.53,2.794,False
AST-0096,31,9.004,72.63,535.52,17.84,2.68,False
AST-0096,32,8.98,72.29,529.49,19.39,2.878,False
AST-0096,33,8.981,74.09,560.22,21.5,2.795,False
AST-0096,34,8.98,76.63,542.33,22.73,2.769,False
AST-0096,35,8.981,75.53,562.8,23.82,2.767,False
AST-0097,0,9.741,44.23,315.62,60.41,1.259,False
AST-0097,1,9.694,48.5,319.14,58.14,1.247,False
AST-0097,2,9.656,47.04,327.67,56.15,1.265,False
AST-0097,3,9.623,45.61,300.38,54.66,1.371,False
AST-0097,4,9.578,46.46,305.56,50.72,1.33,False
AST-0097,5,9.526,43.84,279.52,50.84,1.231,False
AST-0097,6,9.505,42.75,279.54,50.51,1.292,False
AST-0097,7,9.456,43.08,280.83,54.6,1.349,False
AST-0097,8,9.415,40.35,288.39,53.94,1.24,False
AST-0097,9,9.377,42.05,290.2,57.37,1.293,False
AST-0097,10,9.335,42.19,304.65,60.44,1.343,False
AST-0097,11,9.3,41.43,331.01,60.68,1.288,False
AST-0097,12,9.258,44.52,319.5,59.41,1.265,False
AST-0097,13,9.21,45.75,326.91,57.1,1.293,False
AST-0097,14,9.17,47.51,325.75,56.68,1.282,False
AST-0097,15,9.143,46.5,320.46,53.6,1.334,False
AST-0097,16,9.106,43.59,300.74,51.83,1.317,False
AST-0097,17,9.052,43.49,292.14,49.84,1.3,False
AST-0097,18,9.003,46.21,289.68,50.26,1.302,False
AST-0097,19,8.954,43.37,266.61,52.88,1.266,False
AST-0097,20,8.912,41.01,278.51,55.1,1.271,False
AST-0097,21,8.868,41.01,301.51,58.02,1.279,False
AST-0097,22,8.821,39.48,300.72,59.83,1.346,False
AST-0097,23,8.788,39.97,314.96,60.61,1.219,False
AST-0097,24,8.74,41.6,309.41,59.29,1.269,False
AST-0097,25,8.701,45.03,344.97,57.33,1.247,False
AST-0097,26,8.649,46.67,338.39,56.17,1.181,False
AST-0097,27,8.612,48.52,322.98,51.72,1.347,False
AST-0097,28,8.573,45.93,317.39,49.34,1.302,False
AST-0097,29,8.532,45.92,294.39,49.62,1.239,False
AST-0097,30,8.496,41.16,286.92,50.33,1.219,False
AST-0097,31,8.446,41.98,271.89,52.97,1.331,False
AST-0097,32,8.39,39.34,293.33,55.17,1.222,False
AST-0097,33,8.328,42.24,281.59,57.48,1.304,False
AST-0097,34,8.303,41.08,303.26,57.62,1.299,False
AST-0097,35,8.263,42.04,317.41,60.8,1.196,False
AST-0098,0,6.954,55.07,676.28,34.83,2.067,False
AST-0098,1,6.935,57.17,680.64,33.31,2.149,False
AST-0098,2,6.917,57.45,670.92,31.95,1.978,False
AST-0098,3,6.912,60.05,640.64,28.49,2.09,False
AST-0098,4,6.893,56.3,639.93,26.71,2.118,False
AST-0098,5,6.904,54.79,648.3,24.6,2.084,False
AST-0098,6,6.897,55.84,623.31,26.53,1.965,False
AST-0098,7,6.901,54.55,617.82,27.5,2.006,False
AST-0098,8,6.894,51.57,625.93,28.96,2.017,False
AST-0098,9,6.884,53.75,628.24,32.81,2.035,False
AST-0098,10,6.873,53.72,652.63,34.86,2.079,False
AST-0098,11,6.87,56.06,646.25,34.21,1.981,False
AST-0098,12,6.85,54.41,683.13,35.51,2.019,False
AST-0098,13,6.824,56.67,654.81,36.29,2.045,False
AST-0098,14,6.8,58.92,675.67,31.46,2.062,False
AST-0098,15,6.794,58.58,654.99,29.36,2.05,False
AST-0098,16,6.781,60.99,659.62,26.65,2.047,False
AST-0098,17,6.783,59.92,631.23,26.86,2.025,False
AST-0098,18,6.79,56.76,618.43,24.95,2.083,False
AST-0098,19,6.79,55.4,636.14,27.95,2.092,False
AST-0098,20,6.778,50.92,86.52,31.63,2.052,True
AST-0098,21,6.766,50.21,636.23,32.18,2.029,False
AST-0098,22,6.772,49.4,648.88,32.71,2.009,False
AST-0098,23,6.772,52.27,656.64,35.08,2.034,False
AST-0098,24,6.766,54.88,664.86,37.12,2.035,False
AST-0098,25,6.766,57.23,665.38,33.86,2.057,False
AST-0098,26,6.763,57.26,660.86,31.58,2.007,False
AST-0098,27,6.729,57.54,661.89,29.89,2.012,False
AST-0098,28,6.705,59.02,652.28,28.31,2.063,False
AST-0098,29,6.708,56.16,651.02,26.64,2.015,False
AST-0098,30,6.703,56.88,633.52,28.32,2.062,False
AST-0098,31,6.698,53.87,620.92,26.67,2.04,False
AST-0098,32,6.697,52.67,630.9,30.47,2.112,False
AST-0098,33,6.669,51.74,645.18,32.63,1.997,False
AST-0098,34,6.67,49.45,640.12,33.0,1.977,False
AST-0098,35,6.663,50.82,669.28,34.04,2.018,False
AST-0099,0,7.04,54.85,264.09,34.76,2.077,False
AST-0099,1,7.006,56.35,277.29,32.05,2.043,False
AST-0099,2,6.967,53.65,253.39,30.75,2.034,False
AST-0099,3,6.912,57.73,225.38,25.9,2.048,False
AST-0099,4,6.876,56.39,249.57,24.23,2.05,False
AST-0099,5,6.838,55.95,203.68,24.5,2.053,False
AST-0099,6,6.796,54.59,223.27,26.2,2.118,False
AST-0099,7,6.74,51.79,205.14,26.49,2.042,False
AST-0099,8,6.712,52.15,218.61,28.15,2.063,False
AST-0099,9,6.67,50.27,234.9,30.38,2.036,False
AST-0099,10,6.646,50.65,223.49,32.64,2.068,False
AST-0099,11,6.611,52.24,233.71,33.64,1.983,False
AST-0099,12,6.569,54.17,258.21,34.82,2.066,False
AST-0099,13,6.544,55.21,252.27,32.94,1.989,False
AST-0099,14,6.504,59.46,254.33,29.31,2.094,False
AST-0099,15,6.476,54.24,229.51,27.57,2.138,False
AST-0099,16,6.444,56.31,257.12,27.58,2.082,False
AST-0099,17,6.401,53.81,234.78,23.4,2.052,False
AST-0099,18,6.366,55.89,233.13,23.09,1.952,False
AST-0099,19,6.319,53.12,220.91,27.39,2.104,False
AST-0099,20,6.275,51.11,221.63,29.12,2.018,False
AST-0099,21,6.218,49.89,229.86,32.05,2.058,False
AST-0099,22,6.18,50.33,241.39,32.92,2.148,False
AST-0099,23,6.152,53.25,236.89,34.63,2.049,False
AST-0099,24,6.126,57.88,254.71,33.51,2.03,False
AST-0099,25,6.098,54.09,256.62,32.25,2.04,False
AST-0099,26,6.067,56.13,248.66,30.14,2.172,False
AST-0099,27,6.013,56.38,264.52,27.54,2.11,False
AST-0099,28,5.982,57.91,242.76,23.55,2.055,False
AST-0099,29,5.945,56.44,220.28,24.67,2.056,False
AST-0099,30,5.917,55.6,223.59,25.09,2.163,False
AST-0099,31,5.87,53.14,213.46,25.44,2.073,False
AST-0099,32,5.833,52.11,217.02,28.83,1.998,False
AST-0099,33,5.802,49.77,231.61,31.58,2.043,False
AST-0099,34,5.767,51.63,249.48,33.94,2.059,False
AST-0099,35,5.732,53.33,247.65,34.96,2.039,False
AST-0100,0,8.213,74.75,350.78,38.92,2.167,False
AST-0100,1,8.185,75.72,351.84,34.04,2.183,False
AST-0100,2,8.181,75.78,346.44,29.79,2.225,False
AST-0100,3,8.176,77.97,326.46,28.99,2.176,False
AST-0100,4,8.163,75.9,328.55,26.86,2.251,False
AST-0100,5,8.129,73.97,324.72,26.64,2.168,False
AST-0100,6,8.112,73.11,328.37,25.49,2.154,False
AST-0100,7,8.092,72.4,310.24,27.9,2.239,False
AST-0100,8,8.089,69.43,328.85,29.86,2.196,False
AST-0100,9,8.072,69.28,310.52,35.0,2.13,False
AST-0100,10,8.056,70.49,336.28,33.66,2.172,False
AST-0100,11,8.038,71.06,330.44,36.24,2.117,False
AST-0100,12,8.024,72.38,337.77,34.96,2.104,False
AST-0100,13,8.02,75.52,356.84,34.91,2.195,False
AST-0100,14,7.995,76.41,352.45,30.96,2.133,False
AST-0100,15,7.977,77.45,336.39,30.59,2.171,False
AST-0100,16,7.971,78.38,321.32,26.22,2.327,False
AST-0100,17,7.966,73.3,305.59,26.17,2.219,False
AST-0100,18,7.973,71.43,313.46,29.29,2.227,False
AST-0100,19,7.974,68.74,311.9,28.05,2.169,False
AST-0100,20,7.97,69.36,327.61,29.69,2.169,False
AST-0100,21,7.951,69.14,330.46,32.55,2.174,False
AST-0100,22,7.949,71.9,340.59,35.43,2.177,False
AST-0100,23,7.937,72.23,337.29,36.18,2.231,False
AST-0100,24,7.946,74.19,337.53,36.34,2.182,False
AST-0100,25,7.944,74.12,348.06,32.46,2.238,False
AST-0100,26,7.921,76.66,347.27,31.86,2.198,False
AST-0100,27,7.906,77.52,332.85,29.31,2.051,False
AST-0100,28,7.889,75.39,323.9,26.92,2.163,False
AST-0100,29,7.894,71.97,329.7,25.65,2.231,False
AST-0100,30,7.878,73.23,315.1,26.59,2.16,False
AST-0100,31,7.859,74.31,328.1,27.6,2.146,False
AST-0100,32,7.849,70.74,303.74,29.1,2.185,False
AST-0100,33,7.84,70.27,311.23,33.91,2.235,False
AST-0100,34,7.832,69.12,322.4,35.41,2.1,False
AST-0100,35,7.824,72.67,322.84,35.1,2.087,False
AST-0101,0,8.421,53.11,688.23,31.45,1.614,False
AST-0101,1,8.381,52.25,690.87,28.99,1.656,False
AST-0101,2,8.354,52.51,674.96,29.07,1.595,False
AST-0101,3,8.329,54.83,680.29,22.97,1.553,False
AST-0101,4,8.295,56.71,679.65,22.4,1.633,False
AST-0101,5,8.28,55.52,660.36,21.51,1.584,False
AST-0101,6,8.244,52.47,637.89,21.24,1.547,False
AST-0101,7,8.212,50.37,644.8,22.13,1.599,False
AST-0101,8,8.182,51.56,660.65,24.49,1.561,False
AST-0101,9,8.164,47.97,669.6,28.01,1.645,False
AST-0101,10,8.145,52.86,658.35,32.01,1.56,False
AST-0101,11,8.12,51.27,673.87,31.11,1.541,False
AST-0101,12,8.102,55.15,699.42,31.41,1.585,False
AST-0101,13,8.074,55.06,676.63,27.58,1.668,False
AST-0101,14,8.049,55.66,691.7,25.83,1.61,False
AST-0101,15,7.999,56.61,696.61,22.92,1.643,False
AST-0101,16,7.974,56.44,690.33,22.68,1.553,False
AST-0101,17,7.943,55.58,647.85,22.04,1.538,False
AST-0101,18,7.928,52.99,650.04,23.47,1.612,False
AST-0101,19,7.877,51.98,667.36,22.91,1.655,False
AST-0101,20,7.854,51.62,661.49,24.76,1.549,False
AST-0101,21,7.795,48.32,660.81,28.46,1.601,False
AST-0101,22,7.736,52.13,665.95,30.18,1.527,False
AST-0101,23,7.663,50.09,667.28,32.27,1.523,False
AST-0101,24,7.604,53.72,699.52,30.94,1.516,False
AST-0101,25,7.561,54.27,683.54,28.18,1.625,False
AST-0101,26,7.495,54.83,683.87,26.52,1.65,False
AST-0101,27,7.427,51.88,683.98,25.46,1.759,False
AST-0101,28,7.356,53.46,667.22,24.07,1.745,False
AST-0101,29,7.305,54.16,674.14,22.76,1.929,False
AST-0101,30,7.267,52.33,643.95,22.6,1.628,False
AST-0101,31,7.205,53.73,668.04,22.92,1.815,False
AST-0101,32,7.142,49.23,649.09,27.35,1.925,False
AST-0101,33,7.081,51.24,652.91,29.48,1.916,False
AST-0101,34,7.032,47.97,669.08,30.93,1.883,False
AST-0101,35,6.974,50.83,673.32,32.64,1.65,False
AST-0102,0,9.389,82.34,649.74,37.54,2.067,False
AST-0102,1,9.388,85.81,650.66,36.18,2.021,False
AST-0102,2,9.39,83.06,659.71,31.43,2.013,False
AST-0102,3,9.401,85.34,656.31,29.99,1.961,False
AST-0102,4,9.403,84.44,631.57,27.5,2.031,False
AST-0102,5,9.394,85.25,640.01,26.53,2.021,False
AST-0102,6,9.402,82.27,606.04,28.03,1.93,False
AST-0102,7,9.411,81.25,609.48,28.71,2.064,False
AST-0102,8,9.404,78.84,620.69,32.66,2.049,False
AST-0102,9,9.385,77.36,615.16,34.05,2.06,False
AST-0102,10,9.37,79.06,628.11,37.27,1.967,False
AST-0102,11,9.365,80.46,657.99,37.25,2.067,False
AST-0102,12,9.364,82.33,661.03,37.41,2.041,False
AST-0102,13,9.352,80.02,667.79,34.15,2.023,False
AST-0102,14,9.345,82.67,631.78,31.56,2.049,False
AST-0102,15,9.348,85.36,633.92,29.47,2.012,False
AST-0102,16,9.352,84.55,638.32,26.74,2.018,False
AST-0102,17,9.344,84.32,622.46,28.03,2.047,False
AST-0102,18,9.334,83.39,620.41,25.88,1.968,False
AST-0102,19,9.328,80.77,605.34,31.2,2.002,False
AST-0102,20,9.329,77.63,614.35,31.65,2.003,False
AST-0102,21,9.324,78.61,630.74,34.0,2.035,False
AST-0102,22,9.33,79.32,630.13,35.36,2.014,False
AST-0102,23,9.331,79.46,644.73,36.05,1.977,False
AST-0102,24,9.324,81.02,641.19,35.63,2.001,False
AST-0102,25,9.312,81.24,660.44,34.23,2.007,False
AST-0102,26,9.286,82.63,654.3,31.88,2.045,False
AST-0102,27,9.267,85.81,637.26,32.93,2.035,False
AST-0102,28,9.258,85.28,640.26,28.51,2.056,False
AST-0102,29,9.26,86.4,643.91,27.92,2.01,False
AST-0102,30,9.257,81.44,594.69,29.08,2.066,False
AST-0102,31,9.242,80.22,611.42,29.69,1.92,False
AST-0102,32,9.235,79.26,601.94,32.07,2.061,False
AST-0102,33,9.231,82.77,613.34,34.95,2.02,False
AST-0102,34,9.22,80.04,637.5,35.11,1.964,False
AST-0102,35,9.204,80.59,640.49,38.44,1.908,False
AST-0103,0,10.884,47.36,739.12,42.89,1.338,False
AST-0103,1,10.859,44.88,742.85,41.03,1.327,False
AST-0103,2,10.857,50.71,740.62,40.84,1.351,False
AST-0103,3,10.844,48.98,747.78,34.69,1.234,False
AST-0103,4,10.828,48.85,731.23,34.38,1.25,False
AST-0103,5,10.807,47.58,701.29,32.62,1.352,False
AST-0103,6,10.819,46.36,697.41,33.9,1.354,False
AST-0103,7,10.805,46.03,701.93,33.7,1.396,False
AST-0103,8,10.792,42.19,715.64,39.51,1.318,False
AST-0103,9,10.795,41.74,702.01,40.15,1.307,False
AST-0103,10,10.796,42.97,713.08,42.2,1.243,False
AST-0103,11,10.792,44.59,716.21,43.57,1.309,False
AST-0103,12,10.803,43.96,736.49,43.86,1.351,False
AST-0103,13,10.805,45.66,746.3,41.53,1.335,False
AST-0103,14,10.804,48.69,724.4,38.62,1.398,False
AST-0103,15,10.788,50.98,727.47,36.32,1.403,False
AST-0103,16,10.772,45.76,730.47,34.38,1.258,False
AST-0103,17,10.759,46.87,725.51,33.27,1.327,False
AST-0103,18,10.748,47.03,712.07,32.96,1.386,False
AST-0103,19,10.737,44.46,708.58,33.21,1.336,False
AST-0103,20,10.713,43.55,706.62,36.87,1.349,False
AST-0103,21,10.692,41.53,99.54,39.41,1.416,True
AST-0103,22,10.671,41.86,727.89,42.53,1.292,False
AST-0103,23,10.618,46.37,750.44,45.13,1.359,False
AST-0103,24,10.586,43.87,739.07,40.5,1.4,False
AST-0103,25,10.544,47.4,748.21,40.62,1.587,False
AST-0103,26,10.497,45.83,745.13,38.48,1.38,False
AST-0103,27,10.453,46.64,740.28,35.17,1.634,False
AST-0103,28,10.414,43.72,739.32,31.9,1.586,False
AST-0103,29,10.368,45.6,737.89,32.11,1.712,False
AST-0103,30,10.321,45.49,714.52,34.41,1.924,False
AST-0103,31,10.283,45.77,698.25,35.52,1.701,False
AST-0103,32,10.234,42.86,719.16,37.4,1.525,False
AST-0103,33,10.189,38.8,727.12,38.54,1.921,False
AST-0103,34,10.15,39.88,729.26,41.67,1.659,False
AST-0103,35,10.105,44.25,745.54,45.01,2.023,False
AST-0104,0,11.057,72.63,756.4,44.17,2.999,False
AST-0104,1,11.024,76.22,741.76,41.83,2.879,False
AST-0104,2,11.005,77.29,765.38,37.79,3.011,False
AST-0104,3,10.98,77.67,767.92,35.55,3.065,False
AST-0104,4,10.985,78.05,755.08,35.19,3.027,False
AST-0104,5,10.98,78.03,733.55,32.79,2.977,False
AST-0104,6,10.954,74.61,719.35,33.23,3.063,False
AST-0104,7,10.928,72.34,726.89,35.84,3.03,False
AST-0104,8,10.915,71.98,740.27,37.37,2.855,False
AST-0104,9,10.871,73.28,753.14,38.52,2.929,False
AST-0104,10,10.806,72.25,766.93,42.7,3.044,False
AST-0104,11,10.758,70.46,749.47,44.27,3.059,False
AST-0104,12,10.692,74.89,760.31,41.63,3.029,False
AST-0104,13,10.636,77.54,775.98,41.28,3.103,False
AST-0104,14,10.559,78.67,767.82,38.49,3.169,False
AST-0104,15,10.524,81.48,756.77,37.3,3.046,False
AST-0104,16,10.494,77.53,742.24,35.84,3.254,False
AST-0104,17,10.441,76.54,727.41,33.51,3.202,False
AST-0104,18,10.4,74.26,734.68,34.38,3.263,False
AST-0104,19,10.333,73.98,718.27,36.02,3.181,False
AST-0104,20,10.275,72.39,720.11,35.72,3.184,False
AST-0104,21,10.221,70.21,719.73,38.56,3.48,False
AST-0104,22,10.158,74.67,739.03,42.55,3.721,False
AST-0104,23,10.092,69.1,759.29,43.06,3.251,False
AST-0104,24,10.036,72.47,757.15,45.42,3.299,False
AST-0104,25,9.97,75.64,771.98,41.6,3.622,False
AST-0104,26,9.917,77.13,750.79,38.6,3.251,False
AST-0104,27,9.869,75.41,747.8,36.65,3.35,False
AST-0104,28,9.828,75.04,748.29,34.61,3.597,False
AST-0104,29,9.767,74.69,737.32,33.38,3.289,False
AST-0104,30,9.699,74.44,720.89,34.18,3.238,False
AST-0104,31,9.651,72.52,725.01,35.65,3.283,False
AST-0104,32,9.591,69.44,734.23,38.08,3.496,False
AST-0104,33,9.532,68.17,96.34,42.34,3.729,True
AST-0104,34,9.476,70.09,750.37,41.43,3.496,False
AST-0104,35,9.408,70.15,738.44,43.01,3.365,False
AST-0105,0,9.279,77.75,800.57,63.55,1.778,False
AST-0105,1,9.261,81.6,805.0,60.77,1.714,False
AST-0105,2,9.271,78.48,801.55,60.28,1.728,False
AST-0105,3,9.262,78.56,798.47,56.11,1.709,False
AST-0105,4,9.247,79.83,790.61,57.15,1.736,False
AST-0105,5,9.245,77.0,782.1,54.78,1.621,False
AST-0105,6,9.243,75.63,775.54,55.09,1.71,False
AST-0105,7,9.241,75.71,761.92,56.84,1.72,False
AST-0105,8,9.235,74.62,776.97,59.3,1.68,False
AST-0105,9,9.222,73.19,769.7,60.88,1.643,False
AST-0105,10,9.202,76.81,780.1,64.31,1.721,False
AST-0105,11,9.198,75.11,813.21,63.56,1.745,False
AST-0105,12,9.204,76.45,824.08,63.83,1.762,False
AST-0105,13,9.201,76.85,800.39,63.8,1.724,False
AST-0105,14,9.191,81.12,791.84,59.1,1.721,False
AST-0105,15,9.175,79.55,803.02,58.29,1.788,False
AST-0105,16,9.17,78.63,799.53,56.4,1.62,False
AST-0105,17,9.174,79.0,770.38,53.15,1.773,False
AST-0105,18,9.167,77.92,784.81,54.49,1.697,False
AST-0105,19,9.148,75.67,769.04,56.95,1.808,False
AST-0105,20,9.143,77.59,787.46,60.17,1.691,False
AST-0105,21,9.154,75.72,781.9,59.73,1.777,False
AST-0105,22,9.152,74.17,788.85,62.01,1.741,False
AST-0105,23,9.145,75.15,827.37,63.23,1.68,False
AST-0105,24,9.147,75.64,820.08,64.6,1.741,False
AST-0105,25,9.146,78.4,811.12,63.2,1.738,False
AST-0105,26,9.131,77.35,806.5,58.78,1.674,False
AST-0105,27,9.138,79.05,807.84,56.9,1.724,False
AST-0105,28,9.123,79.17,791.54,55.91,1.748,False
AST-0105,29,9.112,79.32,781.84,53.87,1.754,False
AST-0105,30,9.125,76.04,770.3,54.7,1.777,False
AST-0105,31,9.125,80.58,747.37,56.86,1.72,False
AST-0105,32,9.112,74.9,770.55,59.01,1.744,False
AST-0105,33,9.102,73.4,809.32,61.89,1.755,False
AST-0105,34,9.093,74.95,771.87,62.81,1.68,False
AST-0105,35,9.096,75.84,815.08,64.56,1.657,False
AST-0106,0,9.259,85.14,626.78,62.86,2.338,False
AST-0106,1,9.251,84.1,634.86,62.9,2.364,False
AST-0106,2,9.241,88.9,620.98,60.12,2.411,False
AST-0106,3,9.208,87.13,78.14,55.94,2.33,True
AST-0106,4,9.196,86.89,618.63,54.71,2.271,False
AST-0106,5,9.185,84.45,596.71,53.54,2.321,False
AST-0106,6,9.147,83.13,609.5,54.23,2.296,False
AST-0106,7,9.135,82.32,612.16,53.85,2.316,False
AST-0106,8,9.104,81.83,623.07,59.23,2.21,False
AST-0106,9,9.035,80.31,608.91,60.57,2.269,False
AST-0106,10,8.958,83.9,609.98,61.61,2.376,False
AST-0106,11,8.9,81.12,626.26,63.85,2.5,False
AST-0106,12,8.832,84.94,633.79,63.65,2.381,False
AST-0106,13,8.758,88.1,627.44,64.24,2.359,False
AST-0106,14,8.691,88.2,634.54,61.48,2.481,False
AST-0106,15,8.62,87.41,616.55,57.97,2.647,False
AST-0106,16,8.531,87.67,616.55,55.71,2.472,False
AST-0106,17,8.465,85.57,612.64,54.69,2.679,False
AST-0106,18,8.394,84.79,604.43,53.72,2.733,False
AST-0106,19,8.314,82.67,613.34,55.88,2.668,False
AST-0106,20,8.262,78.75,597.32,57.73,2.704,False
AST-0106,21,8.187,81.93,608.6,60.97,2.619,False
AST-0106,22,8.122,81.33,613.79,63.24,2.523,False
AST-0106,23,8.051,80.95,604.36,62.94,2.59,False
AST-0106,24,8.0,83.43,638.35,63.71,2.94,False
AST-0106,25,7.936,138.6,621.43,63.4,7.963,True
AST-0106,26,7.872,86.55,605.56,59.07,2.873,False
AST-0106,27,7.789,86.12,618.44,57.71,2.625,False
AST-0106,28,7.708,86.22,600.4,54.24,2.726,False
AST-0106,29,7.65,84.37,585.65,54.83,2.83,False
AST-0106,30,7.589,80.63,584.49,53.05,2.675,False
AST-0106,31,7.516,80.7,623.49,57.43,2.607,False
AST-0106,32,7.455,80.22,602.64,60.03,2.591,False
AST-0106,33,7.377,82.74,617.21,61.44,2.639,False
AST-0106,34,7.293,79.01,612.95,63.65,2.87,False
AST-0106,35,7.213,80.88,621.83,66.32,2.976,False
AST-0107,0,7.694,49.93,581.41,27.09,1.283,False
AST-0107,1,7.655,48.98,604.36,27.3,1.175,False
AST-0107,2,7.613,101.93,577.94,25.18,2.967,True
AST-0107,3,7.569,52.81,567.26,20.83,1.236,False
AST-0107,4,7.523,52.43,561.23,19.37,1.231,False
AST-0107,5,7.477,49.74,551.66,21.32,1.309,False
AST-0107,6,7.427,47.27,543.63,19.38,1.228,False
AST-0107,7,7.391,48.38,540.8,21.72,1.236,False
AST-0107,8,7.351,46.5,539.88,23.35,1.212,False
AST-0107,9,7.298,49.09,526.73,26.81,1.28,False
AST-0107,10,7.254,48.84,550.13,28.45,1.33,False
AST-0107,11,7.22,46.78,584.49,30.41,1.24,False
AST-0107,12,7.202,51.09,578.09,28.65,1.281,False
AST-0107,13,7.156,51.36,586.81,27.45,1.176,False
AST-0107,14,7.11,50.21,575.42,23.84,1.24,False
AST-0107,15,7.07,48.69,582.09,21.72,1.257,False
AST-0107,16,6.986,51.45,561.32,20.48,1.188,False
AST-0107,17,6.887,49.43,548.22,18.59,1.298,False
AST-0107,18,6.782,50.47,553.39,18.23,1.3,False
AST-0107,19,6.691,46.42,556.06,20.94,1.255,False
AST-0107,20,6.593,44.53,528.44,24.08,1.247,False
AST-0107,21,6.485,45.57,71.94,25.78,1.353,True
AST-0107,22,6.396,46.07,550.72,29.02,1.464,False
AST-0107,23,6.306,47.47,571.59,27.48,1.441,False
AST-0107,24,6.216,48.63,581.86,30.16,1.357,False
AST-0107,25,6.129,49.46,595.27,28.47,1.45,False
AST-0107,26,6.037,50.97,595.43,25.76,1.404,False
AST-0107,27,5.961,50.69,576.18,23.47,1.416,False
AST-0107,28,5.867,50.64,587.06,21.24,1.383,False
AST-0107,29,5.766,46.94,568.95,18.63,1.494,False
AST-0107,30,5.677,49.01,534.78,22.07,1.499,False
AST-0107,31,5.587,44.95,535.59,20.32,1.468,False
AST-0107,32,5.487,44.53,539.64,23.93,1.429,False
AST-0107,33,5.406,44.1,565.28,25.2,1.465,False
AST-0107,34,5.312,46.57,576.78,29.53,1.446,False
AST-0107,35,5.205,45.29,91.34,27.3,1.473,True
AST-0108,0,10.692,84.05,658.19,35.38,1.783,False
AST-0108,1,10.674,88.0,685.76,31.42,1.706,False
AST-0108,2,10.658,90.19,681.3,29.74,1.569,False
AST-0108,3,10.64,87.95,663.88,27.3,1.677,False
AST-0108,4,10.625,86.82,672.15,24.59,1.591,False
AST-0108,5,10.616,88.12,636.76,24.73,1.702,False
AST-0108,6,10.601,84.29,638.48,24.21,1.608,False
AST-0108,7,10.556,81.04,635.17,26.0,1.796,False
AST-0108,8,10.538,83.7,633.18,27.9,1.703,False
AST-0108,9,10.524,83.67,645.96,31.77,1.721,False
AST-0108,10,10.494,82.25,659.99,31.92,1.591,False
AST-0108,11,10.48,84.15,649.66,32.84,1.668,False
AST-0108,12,10.468,84.77,662.13,34.85,1.748,False
AST-0108,13,10.444,86.41,669.34,31.98,1.736,False
AST-0108,14,10.422,91.62,672.35,29.64,1.7,False
AST-0108,15,10.421,90.82,673.36,26.41,1.706,False
AST-0108,16,10.401,87.96,655.97,24.03,1.68,False
AST-0108,17,10.39,82.81,642.06,26.57,1.747,False
AST-0108,18,10.373,86.29,618.35,23.73,1.724,False
AST-0108,19,10.36,86.12,625.22,22.85,1.741,False
AST-0108,20,10.279,83.72,636.89,28.41,1.693,False
AST-0108,21,10.216,81.82,619.53,29.21,1.711,False
AST-0108,22,10.126,80.14,643.62,31.95,1.865,False
AST-0108,23,10.05,81.32,665.72,33.57,1.817,False
AST-0108,24,9.978,82.43,670.36,33.43,1.779,False
AST-0108,25,9.88,86.19,676.24,32.07,1.945,False
AST-0108,26,9.797,87.97,670.87,31.32,2.023,False
AST-0108,27,9.715,89.49,643.26,28.14,1.889,False
AST-0108,28,9.645,85.21,670.81,24.39,1.947,False
AST-0108,29,9.561,87.32,635.43,24.68,2.067,False
AST-0108,30,9.47,86.41,632.36,24.9,1.975,False
AST-0108,31,9.397,81.8,629.35,26.12,2.07,False
AST-0108,32,9.304,82.18,630.8,28.04,2.279,False
AST-0108,33,9.237,81.0,649.34,29.73,1.994,False
AST-0108,34,9.17,81.21,663.07,34.41,2.316,False
AST-0108,35,9.089,84.98,644.05,33.03,2.333,False
AST-0109,0,8.514,50.37,737.34,63.05,1.169,False
AST-0109,1,8.495,51.7,768.43,59.1,1.165,False
AST-0109,2,8.471,53.42,753.06,57.86,1.154,False
AST-0109,3,8.457,55.33,740.14,56.09,1.177,False
AST-0109,4,8.424,54.61,731.9,54.41,1.113,False
AST-0109,5,8.407,51.26,720.96,54.48,1.13,False
AST-0109,6,8.385,51.68,723.51,52.92,1.039,False
AST-0109,7,8.356,50.18,704.07,56.97,1.096,False
AST-0109,8,8.339,50.39,720.84,57.96,1.043,False
AST-0109,9,8.307,49.85,722.46,60.12,1.092,False
AST-0109,10,8.289,46.95,728.22,61.66,1.164,False
AST-0109,11,8.271,50.12,754.75,63.81,1.182,False
AST-0109,12,8.249,52.61,736.05,60.95,1.15,False
AST-0109,13,8.215,51.55,765.72,61.68,1.099,False
AST-0109,14,8.188,52.64,746.82,58.92,1.08,False
AST-0109,15,8.161,55.58,754.39,56.57,1.142,False
AST-0109,16,8.137,50.75,745.44,53.15,1.045,False
AST-0109,17,8.088,53.49,713.31,52.46,1.101,False
AST-0109,18,8.061,49.94,719.24,52.96,1.153,False
AST-0109,19,8.045,50.86,716.75,54.74,1.138,False
AST-0109,20,8.009,49.8,712.98,55.95,1.11,False
AST-0109,21,7.985,43.81,728.88,59.29,1.135,False
AST-0109,22,7.963,49.39,732.28,62.72,1.106,False
AST-0109,23,7.949,52.22,746.45,63.92,1.121,False
AST-0109,24,7.934,51.46,754.78,63.96,1.235,False
AST-0109,25,7.916,51.04,743.82,60.24,0.956,False
AST-0109,26,7.885,54.04,748.08,56.97,1.154,False
AST-0109,27,7.862,51.03,738.79,56.47,1.1,False
AST-0109,28,7.831,54.16,740.34,53.2,1.04,False
AST-0109,29,7.8,53.61,725.04,52.81,1.112,False
AST-0109,30,7.772,55.24,706.86,56.8,1.038,False
AST-0109,31,7.76,50.29,722.74,55.25,1.15,False
AST-0109,32,7.757,49.67,715.43,57.17,1.081,False
AST-0109,33,7.741,48.89,733.98,62.26,1.171,False
AST-0109,34,7.715,48.13,727.29,63.06,1.086,False
AST-0109,35,7.7,51.89,738.84,64.18,1.066,False
AST-0110,0,6.24,57.57,767.56,22.26,1.185,False
AST-0110,1,6.199,58.76,787.06,23.4,1.094,False
AST-0110,2,6.163,60.27,773.6,19.13,1.158,False
AST-0110,3,6.12,60.97,759.45,16.12,1.091,False
AST-0110,4,6.081,60.63,759.25,13.83,1.139,False
AST-0110,5,6.055,56.99,749.54,12.74,1.176,False
AST-0110,6,6.011,56.6,740.49,12.51,1.16,False
AST-0110,7,5.977,55.66,750.27,17.8,1.13,False
AST-0110,8,5.93,56.63,755.91,16.84,1.144,False
AST-0110,9,5.879,54.31,743.06,21.01,1.198,False
AST-0110,10,5.825,55.32,749.99,23.35,1.192,False
AST-0110,11,5.767,54.91,770.84,20.69,1.207,False
AST-0110,12,5.712,55.02,784.8,23.91,1.119,False
AST-0110,13,5.666,55.38,784.17,20.48,1.068,False
AST-0110,14,5.626,61.13,777.94,19.6,1.177,False
AST-0110,15,5.593,59.72,767.75,16.92,1.164,False
AST-0110,16,5.555,61.5,742.35,14.98,1.213,False
AST-0110,17,5.494,59.33,753.02,12.9,1.172,False
AST-0110,18,5.452,55.31,729.48,13.99,1.077,False
AST-0110,19,5.435,56.18,749.91,15.53,1.243,False
AST-0110,20,5.389,53.66,737.08,18.44,1.144,False
AST-0110,21,5.341,53.08,758.5,20.2,1.152,False
AST-0110,22,5.303,57.07,748.4,22.86,1.129,False
AST-0110,23,5.256,54.09,770.71,24.32,1.163,False
AST-0110,24,5.223,57.49,773.28,20.9,1.193,False
AST-0110,25,5.167,61.18,786.06,21.76,1.206,False
AST-0110,26,5.142,58.31,788.9,18.16,1.175,False
AST-0110,27,5.098,57.51,772.58,15.85,1.237,False
AST-0110,28,5.061,61.67,762.73,12.6,1.147,False
AST-0110,29,5.027,57.82,735.58,12.17,1.11,False
AST-0110,30,4.992,59.03,741.16,14.59,1.206,False
AST-0110,31,4.959,56.08,732.03,16.15,1.235,False
AST-0110,32,4.921,53.53,735.31,17.27,1.127,False
AST-0110,33,4.878,54.86,747.29,21.55,1.122,False
AST-0110,34,4.84,54.52,766.01,23.88,1.166,False
AST-0110,35,4.785,53.76,765.42,26.1,1.194,False
AST-0111,0,9.316,57.43,426.62,22.05,1.292,False
AST-0111,1,9.303,58.39,415.66,19.83,1.384,False
AST-0111,2,9.288,59.74,409.12,17.68,1.377,False
AST-0111,3,9.279,61.81,409.91,14.52,1.377,False
AST-0111,4,9.25,58.94,408.77,13.01,1.404,False
AST-0111,5,9.21,59.45,410.89,11.81,1.463,False
AST-0111,6,9.2,60.03,384.9,13.38,1.322,False
AST-0111,7,9.151,58.8,389.74,15.9,1.371,False
AST-0111,8,9.125,57.76,386.45,16.99,1.35,False
AST-0111,9,9.099,55.71,393.22,20.68,1.449,False
AST-0111,10,9.046,57.07,429.27,21.83,1.29,False
AST-0111,11,8.972,55.05,396.05,23.82,1.28,False
AST-0111,12,8.889,57.33,433.94,21.16,1.382,False
AST-0111,13,8.809,56.93,441.23,19.41,1.395,False
AST-0111,14,8.722,60.02,432.63,18.49,1.441,False
AST-0111,15,8.647,57.85,431.04,15.17,1.428,False
AST-0111,16,8.558,61.97,410.04,13.2,1.421,False
AST-0111,17,8.478,58.69,384.48,11.45,1.458,False
AST-0111,18,8.387,56.1,394.33,13.9,1.516,False
AST-0111,19,8.324,54.69,387.31,15.75,1.525,False
AST-0111,20,8.241,56.18,386.87,18.55,1.412,False
AST-0111,21,8.146,54.75,380.04,20.85,1.652,False
AST-0111,22,8.047,55.69,391.66,22.64,1.532,False
AST-0111,23,7.954,53.58,421.99,21.9,1.54,False
AST-0111,24,7.864,57.2,437.38,21.55,1.591,False
AST-0111,25,7.756,59.24,415.41,21.02,1.569,False
AST-0111,26,7.693,60.6,410.18,19.5,1.504,False
AST-0111,27,7.622,61.13,413.43,16.5,1.529,False
AST-0111,28,7.551,60.78,407.07,14.28,1.601,False
AST-0111,29,7.467,57.71,414.25,12.9,1.539,False
AST-0111,30,7.379,140.35,394.91,13.18,6.503,True
AST-0111,31,7.288,57.68,390.48,13.95,1.56,False
AST-0111,32,7.216,57.25,390.36,18.06,1.722,False
AST-0111,33,7.146,53.53,392.48,18.64,1.591,False
AST-0111,34,7.052,51.95,427.21,21.21,1.669,False
AST-0111,35,6.979,54.69,412.26,24.68,1.561,False
AST-0112,0,9.767,67.39,688.21,55.08,0.905,False
AST-0112,1,9.762,68.42,708.68,51.5,1.093,False
AST-0112,2,9.724,67.06,675.59,49.21,1.116,False
AST-0112,3,9.701,67.16,714.71,47.97,1.017,False
AST-0112,4,9.667,67.56,688.8,43.96,1.006,False
AST-0112,5,9.646,67.07,677.11,47.13,1.041,False
AST-0112,6,9.629,66.69,674.42,44.65,1.181,False
AST-0112,7,9.595,65.75,646.32,47.32,0.942,False
AST-0112,8,9.582,63.32,669.69,50.29,1.123,False
AST-0112,9,9.562,61.96,657.94,51.51,1.064,False
AST-0112,10,9.555,60.56,647.47,53.41,1.096,False
AST-0112,11,9.529,63.39,677.31,54.19,1.131,False
AST-0112,12,9.504,65.59,688.52,55.2,1.098,False
AST-0112,13,9.457,68.09,683.03,52.15,1.201,False
AST-0112,14,9.432,69.51,704.21,50.91,1.115,False
AST-0112,15,9.416,68.72,686.69,47.08,1.152,False
AST-0112,16,9.375,68.05,679.26,43.75,1.184,False
AST-0112,17,9.374,68.05,670.24,43.73,1.125,False
AST-0112,18,9.357,64.62,671.6,47.33,1.066,False
AST-0112,19,9.305,63.58,664.61,45.51,1.176,False
AST-0112,20,9.279,62.83,662.99,48.73,1.09,False
AST-0112,21,9.232,61.81,664.61,50.91,1.212,False
AST-0112,22,9.197,63.52,701.05,53.47,1.023,False
AST-0112,23,9.164,64.25,704.43,55.13,1.157,False
AST-0112,24,9.131,65.86,693.49,53.98,1.058,False
AST-0112,25,9.112,67.22,703.91,52.74,1.089,False
AST-0112,26,9.09,65.16,696.48,49.13,1.083,False
AST-0112,27,9.087,71.45,688.4,49.01,1.052,False
AST-0112,28,9.075,67.93,669.93,48.17,1.066,False
AST-0112,29,9.046,66.53,675.92,46.02,1.112,False
AST-0112,30,9.017,67.94,658.91,43.24,1.023,False
AST-0112,31,9.002,62.3,659.7,46.99,1.09,False
AST-0112,32,8.968,63.27,677.95,50.02,1.061,False
AST-0112,33,8.941,63.27,68.21,51.6,1.083,True
AST-0112,34,8.939,61.43,680.96,54.8,1.118,False
AST-0112,35,8.922,63.3,679.33,52.5,1.001,False
AST-0113,0,7.78,71.83,519.57,26.22,3.11,False
AST-0113,1,7.762,76.62,494.22,23.11,3.06,False
AST-0113,2,7.742,72.77,534.24,20.92,2.999,False
AST-0113,3,7.711,75.56,507.2,17.53,3.054,False
AST-0113,4,7.687,74.49,506.14,16.82,3.087,False
AST-0113,5,7.655,73.43,477.27,16.54,3.104,False
AST-0113,6,7.641,71.18,483.14,15.61,2.999,False
AST-0113,7,7.611,72.64,481.12,16.88,3.152,False
AST-0113,8,7.609,66.77,471.75,21.35,2.931,False
AST-0113,9,7.579,63.66,491.1,23.94,3.007,False
AST-0113,10,7.566,64.31,490.23,25.28,2.989,False
AST-0113,11,7.543,69.8,499.59,26.71,3.114,False
AST-0113,12,7.513,72.07,515.45,27.21,3.013,False
AST-0113,13,7.482,71.25,521.67,23.61,3.015,False
AST-0113,14,7.442,73.02,498.54,23.32,3.073,False
AST-0113,15,7.419,72.71,501.11,19.59,3.027,False
AST-0113,16,7.397,71.93,511.6,17.51,3.066,False
AST-0113,17,7.393,71.68,470.0,16.14,3.066,False
AST-0113,18,7.359,68.67,469.62,16.86,3.063,False
AST-0113,19,7.325,71.73,478.72,16.58,3.058,False
AST-0113,20,7.306,70.34,475.51,22.62,3.089,False
AST-0113,21,7.275,70.21,492.62,22.99,3.017,False
AST-0113,22,7.277,68.58,489.62,24.73,3.101,False
AST-0113,23,7.236,68.56,493.9,24.71,3.086,False
AST-0113,24,7.22,69.32,526.57,24.08,3.1,False
AST-0113,25,7.194,74.03,519.18,23.59,3.12,False
AST-0113,26,7.135,70.96,495.01,22.45,3.048,False
AST-0113,27,7.124,74.0,509.82,18.36,3.061,False
AST-0113,28,7.098,75.68,483.01,15.61,3.109,False
AST-0113,29,7.068,72.5,481.09,17.48,3.096,False
AST-0113,30,7.068,71.98,466.9,16.22,3.05,False
AST-0113,31,7.048,67.28,489.16,18.82,3.088,False
AST-0113,32,7.009,66.98,462.76,21.36,3.037,False
AST-0113,33,6.998,68.79,487.66,22.91,2.98,False
AST-0113,34,6.974,69.99,472.47,25.12,3.014,False
AST-0113,35,6.942,69.97,503.79,25.98,2.972,False
AST-0114,0,10.556,68.06,554.55,51.34,1.754,False
AST-0114,1,10.528,68.31,561.2,49.76,1.72,False
AST-0114,2,10.511,71.05,539.41,46.11,1.767,False
AST-0114,3,10.493,69.54,560.04,43.66,1.715,False
AST-0114,4,10.48,68.62,550.58,43.3,1.693,False
AST-0114,5,10.474,69.01,526.76,42.71,1.754,False
AST-0114,6,10.461,69.52,526.08,39.43,1.7,False
AST-0114,7,10.449,63.19,526.6,44.57,1.685,False
AST-0114,8,10.425,64.6,515.84,46.99,1.725,False
AST-0114,9,10.41,63.46,545.89,49.92,1.716,False
AST-0114,10,10.384,64.71,548.72,52.49,1.697,False
AST-0114,11,10.355,66.44,546.82,52.15,1.71,False
AST-0114,12,10.335,66.03,555.53,51.16,1.654,False
AST-0114,13,10.322,71.01,559.61,49.43,1.677,False
AST-0114,14,10.306,71.28,560.53,49.51,1.745,False
AST-0114,15,10.302,71.37,542.71,45.46,1.767,False
AST-0114,16,10.295,71.54,546.25,42.26,1.714,False
AST-0114,17,10.287,69.52,547.37,42.93,1.726,False
AST-0114,18,10.277,66.8,509.88,42.65,1.756,False
AST-0114,19,10.27,66.16,535.52,44.94,1.72,False
AST-0114,20,10.228,64.25,521.85,47.16,1.676,False
AST-0114,21,10.212,65.12,525.52,48.23,1.622,False
AST-0114,22,10.116,65.98,544.62,48.71,1.684,False
AST-0114,23,10.039,65.97,551.75,52.83,1.89,False
AST-0114,24,9.969,64.09,550.04,52.3,1.815,False
AST-0114,25,9.895,70.94,560.63,51.61,1.853,False
AST-0114,26,9.806,70.78,565.4,46.32,2.053,False
AST-0114,27,9.71,68.62,549.38,43.47,1.938,False
AST-0114,28,9.61,68.2,541.02,42.58,2.119,False
AST-0114,29,9.529,67.38,531.78,43.01,2.032,False
AST-0114,30,9.446,65.22,532.7,42.08,2.237,False
AST-0114,31,9.364,65.9,528.97,44.64,2.322,False
AST-0114,32,9.28,63.89,510.2,46.49,2.291,False
AST-0114,33,9.199,62.82,516.77,48.62,2.406,False
AST-0114,34,9.109,63.66,538.17,50.01,2.16,False
AST-0114,35,9.028,65.22,551.22,51.21,2.075,False
AST-0115,0,10.52,74.19,295.11,30.11,1.968,False
AST-0115,1,10.499,76.46,300.49,27.1,1.992,False
AST-0115,2,10.491,75.56,276.94,25.42,1.974,False
AST-0115,3,10.477,80.67,268.46,21.54,1.947,False
AST-0115,4,10.454,78.53,279.42,20.68,1.97,False
AST-0115,5,10.464,76.6,264.16,21.76,1.906,False
AST-0115,6,10.46,72.31,250.15,21.15,2.05,False
AST-0115,7,10.435,73.21,254.62,23.12,1.98,False
AST-0115,8,10.43,73.39,261.59,25.32,1.93,False
AST-0115,9,10.379,72.67,259.38,28.37,1.925,False
AST-0115,10,10.327,77.36,278.35,29.27,2.016,False
AST-0115,11,10.299,73.6,279.21,31.6,2.01,False
AST-0115,12,10.253,72.96,284.3,28.83,2.007,False
AST-0115,13,10.2,75.82,315.1,28.01,2.035,False
AST-0115,14,10.148,75.68,283.49,26.48,2.014,False
AST-0115,15,10.109,78.03,269.49,24.85,1.984,False
AST-0115,16,10.062,80.09,294.68,20.58,2.149,False
AST-0115,17,10.012,73.22,264.42,20.17,2.089,False
AST-0115,18,9.961,75.42,243.88,19.9,2.216,False
AST-0115,19,9.914,73.22,249.63,21.35,2.11,False
AST-0115,20,9.87,70.67,246.86,23.95,2.303,False
AST-0115,21,9.816,72.01,254.92,25.92,2.31,False
AST-0115,22,9.77,71.21,256.68,28.96,2.147,False
AST-0115,23,9.727,71.07,270.61,30.24,2.141,False
AST-0115,24,9.685,74.2,284.4,27.66,2.22,False
AST-0115,25,9.64,74.98,288.4,25.6,2.276,False
AST-0115,26,9.592,78.63,281.65,24.42,2.192,False
AST-0115,27,9.546,78.3,294.49,21.92,2.084,False
AST-0115,28,9.488,77.91,274.07,22.19,2.155,False
AST-0115,29,9.448,72.66,266.4,18.87,2.147,False
AST-0115,30,9.431,74.87,258.82,20.84,2.264,False
AST-0115,31,9.391,72.78,252.43,22.76,2.056,False
AST-0115,32,9.342,69.91,263.06,23.57,2.302,False
AST-0115,33,9.292,71.16,257.57,27.41,2.177,False
AST-0115,34,9.239,72.53,269.73,28.39,2.216,False
AST-0115,35,9.194,72.62,278.24,29.84,2.268,False
AST-0116,0,11.595,51.3,321.53,62.89,2.76,False
AST-0116,1,11.594,53.24,330.86,61.9,2.676,False
AST-0116,2,11.588,55.74,314.7,56.54,2.684,False
AST-0116,3,11.574,54.81,312.6,56.72,2.75,False
AST-0116,4,11.534,54.34,298.28,54.09,2.786,False
AST-0116,5,11.524,55.48,308.7,52.59,2.717,False
AST-0116,6,11.522,53.09,291.71,55.81,2.823,False
AST-0116,7,11.518,47.39,262.94,54.9,2.69,False
AST-0116,8,11.498,48.75,283.24,58.7,2.835,False
AST-0116,9,11.5,48.31,297.8,59.25,2.772,False
AST-0116,10,11.505,48.49,289.48,60.92,2.735,False
AST-0116,11,11.491,50.48,316.46,62.35,2.739,False
AST-0116,12,11.485,52.39,301.89,62.52,2.706,False
AST-0116,13,11.492,52.72,327.05,61.04,2.69,False
AST-0116,14,11.472,53.62,322.08,56.09,2.705,False
AST-0116,15,11.453,53.86,341.8,55.92,2.686,False
AST-0116,16,11.457,54.85,295.95,52.25,2.798,False
AST-0116,17,11.431,51.73,279.53,52.23,2.894,False
AST-0116,18,11.417,52.64,282.62,55.87,2.773,False
AST-0116,19,11.398,48.35,275.53,54.54,2.799,False
AST-0116,20,11.39,48.85,270.78,56.7,2.777,False
AST-0116,21,11.367,49.46,296.95,59.77,2.695,False
AST-0116,22,11.355,48.18,305.24,60.86,2.772,False
AST-0116,23,11.363,50.36,298.25,60.8,2.72,False
AST-0116,24,11.346,53.85,327.21,62.44,2.794,False
AST-0116,25,11.333,55.02,331.27,61.82,2.759,False
AST-0116,26,11.326,57.53,327.81,57.77,2.691,False
AST-0116,27,11.327,54.63,302.36,56.9,2.755,False
AST-0116,28,11.33,53.2,283.04,55.23,2.679,False
AST-0116,29,11.307,53.84,296.33,53.05,2.797,False
AST-0116,30,11.314,52.86,291.69,54.31,2.687,False
AST-0116,31,11.301,48.84,260.79,54.98,2.794,False
AST-0116,32,11.287,49.77,286.63,57.35,2.817,False
AST-0116,33,11.27,46.99,285.54,60.96,2.689,False
AST-0116,34,11.238,50.7,295.98,61.19,2.741,False
AST-0116,35,11.239,48.67,320.6,60.98,2.704,False
AST-0117,0,11.177,80.14,642.22,26.91,1.395,False
AST-0117,1,11.165,78.42,648.22,25.78,1.293,False
AST-0117,2,11.16,81.86,627.19,23.8,1.319,False
AST-0117,3,11.141,78.4,638.48,20.04,1.289,False
AST-0117,4,11.134,79.38,639.32,19.53,1.336,False
AST-0117,5,11.117,81.61,621.52,17.08,1.291,False
AST-0117,6,11.113,81.45,600.34,18.78,1.284,False
AST-0117,7,11.09,76.32,599.83,19.4,1.375,False
AST-0117,8,11.082,71.55,602.95,22.5,1.223,False
AST-0117,9,11.077,77.49,625.34,24.73,1.383,False
AST-0117,10,11.073,73.5,599.5,27.82,1.266,False
AST-0117,11,11.069,74.98,625.55,27.05,1.286,False
AST-0117,12,11.059,77.81,628.11,29.02,1.306,False
AST-0117,13,11.047,79.26,637.07,26.88,1.316,False
AST-0117,14,11.021,79.16,645.9,24.42,1.337,False
AST-0117,15,11.016,79.78,626.77,20.45,1.309,False
AST-0117,16,11.001,80.34,624.63,19.02,1.318,False
AST-0117,17,10.984,78.49,616.58,17.08,1.35,False
AST-0117,18,10.983,75.94,592.99,18.34,1.389,False
AST-0117,19,10.995,76.7,590.88,21.29,1.293,False
AST-0117,20,10.974,75.98,591.76,21.8,1.225,False
AST-0117,21,10.972,76.41,605.87,24.37,1.316,False
AST-0117,22,10.958,76.26,629.2,26.85,1.242,False
AST-0117,23,10.971,75.74,631.05,27.2,1.251,False
AST-0117,24,10.967,77.33,635.15,28.16,1.286,False
AST-0117,25,10.976,79.08,642.86,26.09,1.41,False
AST-0117,26,10.968,81.0,660.9,24.09,1.203,False
AST-0117,27,10.967,77.77,649.78,22.77,1.269,False
AST-0117,28,10.956,78.92,621.59,18.58,1.294,False
AST-0117,29,10.938,80.96,611.82,18.35,1.346,False
AST-0117,30,10.911,75.68,613.78,18.71,1.258,False
AST-0117,31,10.877,75.84,606.47,20.0,1.299,False
AST-0117,32,10.88,77.82,603.84,22.95,1.274,False
AST-0117,33,10.885,73.49,599.19,26.74,1.232,False
AST-0117,34,10.896,73.72,616.46,28.42,1.303,False
AST-0117,35,10.883,75.49,655.27,27.75,1.335,False
AST-0118,0,11.211,62.71,367.54,42.11,1.571,False
AST-0118,1,11.206,62.07,389.86,38.57,1.542,False
AST-0118,2,11.201,66.7,390.6,37.01,1.464,False
AST-0118,3,11.19,64.82,356.48,32.33,1.617,False
AST-0118,4,11.181,65.29,361.67,31.3,1.581,False
AST-0118,5,11.179,64.5,340.32,31.19,1.508,False
AST-0118,6,11.166,62.31,341.92,32.32,1.493,False
AST-0118,7,11.146,62.17,351.78,33.97,1.651,False
AST-0118,8,11.147,61.55,353.89,34.43,1.566,False
AST-0118,9,11.137,61.31,367.23,40.28,1.554,False
AST-0118,10,11.137,60.36,356.86,37.89,1.462,False
AST-0118,11,11.124,59.86,387.01,39.56,1.555,False
AST-0118,12,11.114,64.27,386.67,40.95,1.571,False
AST-0118,13,11.095,62.83,381.18,38.24,1.56,False
AST-0118,14,11.088,67.95,367.08,36.16,1.486,False
AST-0118,15,11.087,65.98,359.82,34.91,1.546,False
AST-0118,16,11.07,63.65,357.06,31.79,1.454,False
AST-0118,17,11.07,62.71,349.65,31.24,1.579,False
AST-0118,18,11.062,63.16,345.19,31.47,1.562,False
AST-0118,19,11.044,62.2,357.39,32.83,1.511,False
AST-0118,20,11.037,58.7,338.36,34.08,1.559,False
AST-0118,21,11.046,58.94,369.71,38.41,1.565,False
AST-0118,22,11.035,60.31,353.35,39.28,1.518,False
AST-0118,23,11.04,61.13,362.96,40.37,1.462,False
AST-0118,24,11.011,64.47,390.4,40.87,1.555,False
AST-0118,25,11.011,65.46,388.55,38.13,1.568,False
AST-0118,26,11.009,66.69,384.34,35.93,1.525,False
AST-0118,27,11.019,64.79,360.42,33.63,1.596,False
AST-0118,28,11.016,128.68,355.67,33.62,3.1,True
AST-0118,29,11.013,64.62,354.29,31.32,1.449,False
AST-0118,30,11.005,61.95,342.33,31.26,1.505,False
AST-0118,31,10.991,61.52,349.49,30.63,1.513,False
AST-0118,32,10.992,58.83,343.23,35.21,1.515,False
AST-0118,33,10.98,58.57,337.06,38.18,1.496,False
AST-0118,34,10.968,61.17,363.81,40.89,1.422,False
AST-0118,35,10.949,63.68,359.08,38.85,1.55,False
AST-0119,0,8.524,83.41,727.61,64.65,2.101,False
AST-0119,1,8.518,84.99,745.07,62.91,2.083,False
AST-0119,2,8.499,86.57,776.16,61.54,2.025,False
AST-0119,3,8.511,87.27,757.51,60.22,2.051,False
AST-0119,4,8.497,89.8,721.08,58.1,2.042,False
AST-0119,5,8.492,84.52,724.98,52.89,2.065,False
AST-0119,6,8.469,85.25,727.35,54.37,2.077,False
AST-0119,7,8.462,83.31,714.76,55.05,2.038,False
AST-0119,8,8.458,82.72,710.02,59.15,2.033,False
AST-0119,9,8.439,80.77,747.66,60.83,2.108,False
AST-0119,10,8.423,82.68,718.9,63.46,2.151,False
AST-0119,11,8.411,83.24,738.71,62.76,2.099,False
AST-0119,12,8.392,84.58,747.44,64.44,2.008,False
AST-0119,13,8.388,85.19,762.86,62.66,2.046,False
AST-0119,14,8.373,86.65,756.96,58.72,2.071,False
AST-0119,15,8.359,83.87,739.5,56.22,2.122,False
AST-0119,16,8.339,85.0,734.81,55.45,2.196,False
AST-0119,17,8.32,88.77,723.63,54.44,2.047,False
AST-0119,18,8.34,84.24,715.4,54.81,1.981,False
AST-0119,19,8.347,85.39,707.41,54.56,2.047,False
AST-0119,20,8.337,80.26,705.41,58.76,2.035,False
AST-0119,21,8.33,79.23,728.65,62.67,2.007,False
AST-0119,22,8.326,81.59,731.59,64.06,2.079,False
AST-0119,23,8.317,80.78,723.04,66.13,2.083,False
AST-0119,24,8.305,84.47,751.13,63.69,2.11,False
AST-0119,25,8.306,83.2,747.56,63.68,2.035,False
AST-0119,26,8.295,85.85,763.22,61.06,1.994,False
AST-0119,27,8.294,85.49,740.21,58.25,2.053,False
AST-0119,28,8.308,85.83,736.43,54.1,2.122,False
AST-0119,29,8.298,85.13,709.03,54.98,2.028,False
AST-0119,30,8.314,86.19,713.2,56.08,2.088,False
AST-0119,31,8.311,80.67,717.61,56.75,2.034,False
AST-0119,32,8.3,82.59,701.97,60.02,2.057,False
AST-0119,33,8.282,82.26,718.05,62.31,2.113,False
AST-0119,34,8.272,82.7,127.64,65.11,1.973,True
AST-0119,35,8.271,83.19,727.88,66.65,1.99,False
AST-0120,0,12.276,68.79,610.05,49.96,0.727,False
AST-0120,1,12.284,74.51,605.16,47.01,0.681,False
AST-0120,2,12.282,69.55,605.37,45.47,0.748,False
AST-0120,3,12.273,71.42,620.05,44.15,0.725,False
AST-0120,4,12.282,71.88,605.4,41.32,0.712,False
AST-0120,5,12.258,71.16,564.94,43.32,0.647,False
AST-0120,6,12.257,68.97,559.2,40.63,0.765,False
AST-0120,7,12.236,70.16,571.74,42.95,0.729,False
AST-0120,8,12.244,68.52,561.4,46.07,0.685,False
AST-0120,9,12.25,64.49,574.69,49.23,0.742,False
AST-0120,10,12.232,66.83,591.79,49.21,0.7,False
AST-0120,11,12.229,68.43,43.68,49.99,0.708,True
AST-0120,12,12.225,70.32,596.81,51.32,0.763,False
AST-0120,13,12.21,73.7,597.13,47.75,0.752,False
AST-0120,14,12.209,71.1,611.88,45.5,0.701,False
AST-0120,15,12.188,71.74,583.36,42.19,0.75,False
AST-0120,16,12.167,70.73,585.26,44.07,0.7,False
AST-0120,17,12.158,72.32,582.59,40.13,0.686,False
AST-0120,18,12.156,68.17,587.88,40.77,0.698,False
AST-0120,19,12.148,69.18,562.0,43.96,0.745,False
AST-0120,20,12.145,69.06,567.24,44.0,0.766,False
AST-0120,21,12.127,63.25,572.14,48.96,0.716,False
AST-0120,22,12.127,67.95,585.72,50.04,0.817,False
AST-0120,23,12.11,69.73,586.71,50.23,0.639,False
AST-0120,24,12.11,69.98,591.21,50.23,0.708,False
AST-0120,25,12.085,69.54,617.78,46.36,0.708,False
AST-0120,26,12.083,75.34,600.93,45.09,0.74,False
AST-0120,27,12.032,71.65,588.78,42.85,0.755,False
AST-0120,28,11.982,73.23,582.76,41.57,0.802,False
AST-0120,29,11.943,69.31,576.47,40.19,0.799,False
AST-0120,30,11.894,71.39,568.32,40.62,0.893,False
AST-0120,31,11.845,65.39,562.55,43.08,0.759,False
AST-0120,32,11.792,126.12,571.76,44.65,2.605,True
AST-0120,33,11.74,65.83,588.36,47.42,1.019,False
AST-0120,34,11.694,65.47,587.5,50.0,1.242,False
AST-0120,35,11.658,65.47,611.5,48.43,0.996,False
AST-0121,0,10.366,49.93,809.98,54.3,2.698,False
AST-0121,1,10.339,53.52,821.48,50.91,2.623,False
AST-0121,2,10.33,51.23,815.59,51.53,2.702,False
AST-0121,3,10.306,53.17,811.81,48.43,2.669,False
AST-0121,4,10.298,53.87,793.62,47.04,2.648,False
AST-0121,5,10.292,54.1,796.06,45.57,2.679,False
AST-0121,6,10.286,51.55,778.32,47.02,2.652,False
AST-0121,7,10.291,50.69,781.15,48.46,2.727,False
AST-0121,8,10.271,49.54,785.47,48.07,2.62,False
AST-0121,9,10.246,47.05,778.56,52.47,2.613,False
AST-0121,10,10.256,46.86,796.64,53.21,2.74,False
AST-0121,11,10.233,50.26,804.65,54.36,2.722,False
AST-0121,12,10.2,52.46,808.45,55.22,2.696,False
AST-0121,13,10.175,52.48,803.42,51.42,2.618,False
AST-0121,14,10.149,56.1,822.97,52.08,2.64,False
AST-0121,15,10.147,51.17,795.27,47.79,2.684,False
AST-0121,16,10.142,54.67,789.84,46.32,2.62,False
AST-0121,17,10.13,53.74,774.27,45.58,2.704,False
AST-0121,18,10.107,49.35,780.88,47.62,2.723,False
AST-0121,19,10.097,51.57,767.45,47.12,2.656,False
AST-0121,20,10.101,49.56,771.6,49.9,2.664,False
AST-0121,21,10.089,50.38,794.69,51.67,2.743,False
AST-0121,22,10.076,49.89,784.24,53.08,2.676,False
AST-0121,23,10.043,48.57,805.17,55.55,2.737,False
AST-0121,24,10.048,53.31,813.23,55.74,2.718,False
AST-0121,25,10.04,51.75,795.61,52.28,2.678,False
AST-0121,26,10.039,53.89,826.8,50.8,2.619,False
AST-0121,27,10.035,56.44,803.77,48.4,2.753,False
AST-0121,28,10.034,53.33,795.14,48.95,2.631,False
AST-0121,29,10.032,53.07,791.35,44.7,2.676,False
AST-0121,30,10.02,51.7,797.66,45.14,2.637,False
AST-0121,31,10.013,46.99,777.0,47.7,2.666,False
AST-0121,32,9.999,46.65,780.71,50.47,2.595,False
AST-0121,33,10.0,46.51,786.81,53.0,2.714,False
AST-0121,34,9.993,48.79,791.49,54.63,2.679,False
AST-0121,35,9.985,46.94,813.07,55.66,2.56,False
AST-0122,0,9.45,64.29,444.32,45.48,2.329,False
AST-0122,1,9.434,65.66,428.78,43.37,2.259,False
AST-0122,2,9.421,68.55,425.22,40.62,2.194,False
AST-0122,3,9.414,68.98,419.72,39.54,2.128,False
AST-0122,4,9.417,68.67,409.96,35.0,2.245,False
AST-0122,5,9.409,66.83,402.92,36.76,2.212,False
AST-0122,6,9.4,67.43,391.3,35.34,2.173,False
AST-0122,7,9.398,66.09,381.79,36.97,2.257,False
AST-0122,8,9.381,64.47,391.9,40.02,2.328,False
AST-0122,9,9.364,64.14,408.26,41.43,2.226,False
AST-0122,10,9.347,62.79,424.62,45.0,2.265,False
AST-0122,11,9.332,64.9,432.65,46.97,2.205,False
AST-0122,12,9.31,65.28,414.22,44.2,2.186,False
AST-0122,13,9.308,68.53,427.69,44.72,2.171,False
AST-0122,14,9.297,69.3,439.69,40.49,2.277,False
AST-0122,15,9.278,66.47,425.75,39.61,2.272,False
AST-0122,16,9.273,69.16,418.31,36.76,2.118,False
AST-0122,17,9.25,67.23,403.59,36.08,2.301,False
AST-0122,18,9.242,66.05,393.54,36.01,2.139,False
AST-0122,19,9.22,65.51,400.01,37.61,2.235,False
AST-0122,20,9.202,65.11,385.98,39.41,2.211,False
AST-0122,21,9.205,63.18,403.68,42.88,2.245,False
AST-0122,22,9.201,62.44,410.02,43.17,2.181,False
AST-0122,23,9.18,64.37,429.87,45.41,2.228,False
AST-0122,24,9.172,64.54,412.41,44.51,2.269,False
AST-0122,25,9.17,64.38,439.72,43.52,2.16,False
AST-0122,26,9.17,67.39,416.74,41.72,2.187,False
AST-0122,27,9.137,68.66,420.13,38.38,2.261,False
AST-0122,28,9.137,67.46,404.75,36.2,2.319,False
AST-0122,29,9.128,68.85,403.19,33.94,2.311,False
AST-0122,30,9.141,63.08,404.93,34.43,2.295,False
AST-0122,31,9.125,65.05,387.93,38.18,2.243,False
AST-0122,32,9.126,63.42,374.54,41.02,2.237,False
AST-0122,33,9.143,60.79,394.62,43.31,2.18,False
AST-0122,34,9.136,61.36,407.67,43.68,2.168,False
AST-0122,35,9.121,64.76,432.42,46.02,2.174,False
AST-0123,0,11.005,67.1,242.44,52.77,1.937,False
AST-0123,1,10.994,70.15,261.64,51.6,1.861,False
AST-0123,2,10.975,73.06,47.14,48.83,1.921,True
AST-0123,3,10.956,72.85,228.8,47.46,1.894,False
AST-0123,4,10.92,70.64,224.08,44.55,1.885,False
AST-0123,5,10.912,71.36,217.35,44.41,2.001,False
AST-0123,6,10.902,68.85,212.53,45.16,1.854,False
AST-0123,7,10.895,65.0,201.7,45.82,1.984,False
AST-0123,8,10.869,64.87,210.29,47.81,1.933,False
AST-0123,9,10.848,67.71,222.63,52.31,1.879,False
AST-0123,10,10.833,64.65,246.69,51.83,1.859,False
AST-0123,11,10.819,65.56,228.3,54.11,1.908,False
AST-0123,12,10.804,70.18,259.72,54.64,1.799,False
AST-0123,13,10.763,67.51,256.64,51.96,1.865,False
AST-0123,14,10.736,72.89,254.67,47.8,1.849,False
AST-0123,15,10.7,71.7,252.36,44.03,1.85,False
AST-0123,16,10.692,72.63,221.46,42.43,1.873,False
AST-0123,17,10.687,70.86,232.34,43.81,1.977,False
AST-0123,18,10.65,70.37,208.68,42.8,1.831,False
AST-0123,19,10.622,67.77,206.65,45.82,1.949,False
AST-0123,20,10.605,66.18,228.54,48.99,1.862,False
AST-0123,21,10.578,64.92,209.93,50.91,1.957,False
AST-0123,22,10.56,67.26,224.98,53.26,1.894,False
AST-0123,23,10.568,67.4,226.48,52.17,1.84,False
AST-0123,24,10.542,69.71,247.2,52.46,1.92,False
AST-0123,25,10.521,70.14,253.74,50.98,1.935,False
AST-0123,26,10.498,73.45,230.67,48.85,1.847,False
AST-0123,27,10.464,70.08,269.7,46.09,1.899,False
AST-0123,28,10.441,69.97,237.45,43.91,1.793,False
AST-0123,29,10.404,121.77,196.59,44.67,4.111,True
AST-0123,30,10.376,70.03,206.05,44.1,1.806,False
AST-0123,31,10.344,67.61,206.9,47.2,1.816,False
AST-0123,32,10.334,68.17,213.51,49.33,1.846,False
AST-0123,33,10.291,66.2,226.78,50.62,1.818,False
AST-0123,34,10.278,67.92,235.37,53.15,1.89,False
AST-0123,35,10.253,66.45,219.86,54.77,1.899,False
AST-0124,0,8.841,47.22,556.45,25.68,0.804,False
AST-0124,1,8.787,47.89,573.29,25.25,0.751,False
AST-0124,2,8.743,47.6,545.81,21.57,0.773,False
AST-0124,3,8.708,49.38,571.38,18.55,0.789,False
AST-0124,4,8.681,49.25,561.86,16.78,0.832,False
AST-0124,5,8.617,48.62,558.64,16.53,0.694,False
AST-0124,6,8.561,47.74,529.35,18.46,0.745,False
AST-0124,7,8.51,42.75,528.21,20.69,0.716,False
AST-0124,8,8.476,42.25,517.37,21.68,0.719,False
AST-0124,9,8.435,43.44,542.6,21.67,0.773,False
AST-0124,10,8.378,42.21,540.18,25.94,0.833,False
AST-0124,11,8.344,44.27,548.33,26.58,0.709,False
AST-0124,12,8.296,47.75,541.89,23.99,0.827,False
AST-0124,13,8.264,47.44,571.69,23.95,0.786,False
AST-0124,14,8.215,50.86,566.92,21.63,0.803,False
AST-0124,15,8.178,49.11,564.48,18.54,0.736,False
AST-0124,16,8.161,48.28,551.51,16.04,0.831,False
AST-0124,17,8.106,48.37,561.88,16.77,0.69,False
AST-0124,18,8.043,43.58,538.85,17.52,0.752,False
AST-0124,19,7.999,43.87,544.61,18.22,0.742,False
AST-0124,20,7.95,43.73,523.62,21.0,0.735,False
AST-0124,21,7.897,44.1,540.48,22.84,0.759,False
AST-0124,22,7.857,44.93,533.6,25.45,0.764,False
AST-0124,23,7.821,43.53,544.52,25.62,0.775,False
AST-0124,24,7.779,47.16,565.09,25.83,0.687,False
AST-0124,25,7.735,47.79,567.63,24.26,0.747,False
AST-0124,26,7.699,50.3,554.8,21.84,0.853,False
AST-0124,27,7.648,49.62,558.82,18.22,0.75,False
AST-0124,28,7.598,50.02,562.43,16.97,0.772,False
AST-0124,29,7.529,47.12,546.63,15.81,0.741,False
AST-0124,30,7.496,42.52,544.06,17.21,0.717,False
AST-0124,31,7.441,43.7,533.43,19.32,0.691,False
AST-0124,32,7.392,46.47,537.09,20.32,0.748,False
AST-0124,33,7.349,44.12,536.1,24.37,0.819,False
AST-0124,34,7.307,43.0,531.07,25.38,0.767,False
AST-0124,35,7.279,45.05,561.79,26.58,0.713,False
AST-0125,0,10.046,85.28,256.29,59.5,1.014,False
AST-0125,1,10.006,89.64,243.44,58.71,1.056,False
AST-0125,2,9.956,90.73,257.43,55.81,1.02,False
AST-0125,3,9.931,87.33,251.88,52.3,1.152,False
AST-0125,4,9.894,86.68,247.97,51.36,1.088,False
AST-0125,5,9.85,85.12,214.07,49.14,1.056,False
AST-0125,6,9.813,82.55,197.47,50.36,1.032,False
AST-0125,7,9.78,82.23,206.05,52.29,1.054,False
AST-0125,8,9.734,82.98,225.67,53.72,1.134,False
AST-0125,9,9.686,80.7,227.25,54.42,1.136,False
AST-0125,10,9.652,80.45,234.12,57.98,1.157,False
AST-0125,11,9.619,81.1,221.76,58.12,0.999,False
AST-0125,12,9.582,85.13,242.76,58.87,0.995,False
AST-0125,13,9.535,86.06,259.84,55.09,0.963,False
AST-0125,14,9.486,87.34,274.65,53.2,1.032,False
AST-0125,15,9.443,87.23,235.64,52.71,1.072,False
AST-0125,16,9.4,87.5,234.97,49.92,1.025,False
AST-0125,17,9.366,86.65,207.54,50.14,1.067,False
AST-0125,18,9.312,85.17,205.24,51.2,1.133,False
AST-0125,19,9.277,82.92,196.55,51.6,1.108,False
AST-0125,20,9.238,83.92,206.3,55.52,1.027,False
AST-0125,21,9.205,81.13,222.69,56.02,1.072,False
AST-0125,22,9.165,80.87,241.81,58.97,1.065,False
AST-0125,23,9.124,82.27,244.94,59.0,1.197,False
AST-0125,24,9.112,84.15,235.1,57.99,1.001,False
AST-0125,25,9.084,88.05,254.92,58.14,1.068,False
AST-0125,26,9.049,90.09,257.91,53.86,1.097,False
AST-0125,27,9.012,88.25,253.74,49.97,1.048,False
AST-0125,28,8.971,86.01,212.69,51.8,1.056,False
AST-0125,29,8.925,85.41,201.24,48.73,1.064,False
AST-0125,30,8.898,85.37,220.37,50.61,1.05,False
AST-0125,31,8.856,84.92,207.25,48.2,1.054,False
AST-0125,32,8.829,80.24,211.9,53.59,1.07,False
AST-0125,33,8.808,83.8,222.72,56.25,0.999,False
AST-0125,34,8.774,81.58,219.86,57.38,1.164,False
AST-0125,35,8.727,83.31,241.47,58.51,1.133,False
AST-0126,0,11.877,82.33,315.06,61.22,2.086,False
AST-0126,1,11.858,83.47,324.17,59.52,2.097,False
AST-0126,2,11.842,85.34,325.43,58.89,1.988,False
AST-0126,3,11.831,85.52,290.78,54.43,2.052,False
AST-0126,4,11.816,81.41,295.87,51.64,2.098,False
AST-0126,5,11.813,83.25,285.97,53.59,2.09,False
AST-0126,6,11.789,83.05,289.21,51.79,2.126,False
AST-0126,7,11.786,82.98,276.39,51.89,2.111,False
AST-0126,8,11.772,81.66,274.2,56.01,2.135,False
AST-0126,9,11.764,82.11,293.96,59.0,2.144,False
AST-0126,10,11.74,77.58,317.06,60.76,2.024,False
AST-0126,11,11.729,82.83,318.71,60.72,2.011,False
AST-0126,12,11.732,80.46,320.11,60.64,2.098,False
AST-0126,13,11.747,80.5,325.52,58.83,1.999,False
AST-0126,14,11.728,84.04,325.83,56.73,1.999,False
AST-0126,15,11.71,81.56,318.79,54.78,2.045,False
AST-0126,16,11.68,83.56,304.44,52.1,2.031,False
AST-0126,17,11.665,85.97,312.05,52.33,1.941,False
AST-0126,18,11.644,83.96,294.43,51.67,2.129,False
AST-0126,19,11.623,77.24,289.18,55.4,2.088,False
AST-0126,20,11.612,79.09,301.98,55.38,2.023,False
AST-0126,21,11.602,76.11,302.23,58.44,2.104,False
AST-0126,22,11.583,80.94,309.17,60.62,2.104,False
AST-0126,23,11.568,80.92,331.46,62.26,2.021,False
AST-0126,24,11.55,83.43,321.32,61.1,2.067,False
AST-0126,25,11.522,83.07,343.01,59.58,2.131,False
AST-0126,26,11.517,87.01,317.62,56.34,1.998,False
AST-0126,27,11.492,85.09,306.69,54.43,2.046,False
AST-0126,28,11.487,84.89,300.62,52.74,1.972,False
AST-0126,29,11.481,84.33,298.44,51.94,2.005,False
AST-0126,30,11.478,81.57,40.78,52.41,2.016,True
AST-0126,31,11.468,81.17,278.55,53.28,2.11,False
AST-0126,32,11.445,81.08,274.35,56.34,2.036,False
AST-0126,33,11.443,78.08,291.97,57.99,2.061,False
AST-0126,34,11.45,80.64,304.6,60.16,1.96,False
AST-0126,35,11.455,81.27,332.31,60.21,2.12,False
AST-0127,0,13.08,57.38,743.84,21.05,2.844,False
AST-0127,1,13.044,60.12,747.67,18.52,2.86,False
AST-0127,2,13.026,61.6,721.24,15.47,2.863,False
AST-0127,3,12.994,62.57,730.36,12.71,2.857,False
AST-0127,4,12.963,58.33,717.96,13.05,2.873,False
AST-0127,5,12.941,55.49,709.01,12.18,2.805,False
AST-0127,6,12.922,58.72,718.99,11.41,2.8,False
AST-0127,7,12.878,55.37,700.2,12.85,2.787,False
AST-0127,8,12.844,51.75,687.69,14.07,2.902,False
AST-0127,9,12.814,54.06,708.68,18.08,2.878,False
AST-0127,10,12.785,55.06,715.73,19.15,2.958,False
AST-0127,11,12.746,54.81,736.05,22.27,2.847,False
AST-0127,12,12.725,57.31,738.82,20.01,2.843,False
AST-0127,13,12.701,57.91,747.06,19.25,2.935,False
AST-0127,14,12.672,59.5,717.52,15.04,2.875,False
AST-0127,15,12.662,60.44,737.35,13.18,2.909,False
AST-0127,16,12.625,63.2,745.86,12.16,2.841,False
AST-0127,17,12.584,57.5,724.08,10.36,2.876,False
AST-0127,18,12.571,56.92,714.97,10.26,2.945,False
AST-0127,19,12.556,56.22,705.59,12.8,2.872,False
AST-0127,20,12.53,54.03,689.67,16.31,2.843,False
AST-0127,21,12.494,57.42,710.48,17.45,2.864,False
AST-0127,22,12.472,54.21,726.94,19.49,2.932,False
AST-0127,23,12.45,57.75,728.16,20.36,2.866,False
AST-0127,24,12.421,59.21,733.26,21.14,2.876,False
AST-0127,25,12.386,57.42,739.47,19.36,2.92,False
AST-0127,26,12.359,62.25,729.98,14.48,2.85,False
AST-0127,27,12.344,58.13,712.38,14.16,2.792,False
AST-0127,28,12.322,58.78,709.73,11.64,2.827,False
AST-0127,29,12.292,59.76,718.95,10.69,2.812,False
AST-0127,30,12.26,57.06,699.07,13.43,2.8,False
AST-0127,31,12.224,55.33,697.11,12.21,2.864,False
AST-0127,32,12.2,59.4,696.47,16.41,2.892,False
AST-0127,33,12.16,51.94,712.22,16.87,2.843,False
AST-0127,34,12.144,52.26,721.72,19.52,2.849,False
AST-0127,35,12.114,55.44,758.46,21.5,2.987,False
AST-0128,0,13.316,72.62,705.14,30.29,2.171,False
AST-0128,1,13.282,72.48,709.41,28.25,2.12,False
AST-0128,2,13.264,75.51,718.13,29.84,2.162,False
AST-0128,3,13.239,76.13,710.35,25.4,2.066,False
AST-0128,4,13.205,78.5,686.43,23.42,2.085,False
AST-0128,5,13.182,75.76,675.11,22.56,2.153,False
AST-0128,6,13.144,73.31,675.15,21.18,2.171,False
AST-0128,7,13.11,70.2,674.98,22.12,2.176,False
AST-0128,8,13.082,70.16,663.38,26.29,2.154,False
AST-0128,9,13.055,69.26,698.22,29.61,2.114,False
AST-0128,10,13.028,70.8,686.78,32.26,2.231,False
AST-0128,11,12.991,72.19,702.19,33.53,2.012,False
AST-0128,12,12.954,72.63,693.54,33.38,2.057,False
AST-0128,13,12.92,75.76,716.27,29.83,2.168,False
AST-0128,14,12.901,76.31,693.02,28.25,2.021,False
AST-0128,15,12.872,75.47,689.11,24.71,2.177,False
AST-0128,16,12.859,76.42,694.21,23.34,2.095,False
AST-0128,17,12.826,75.97,685.59,23.86,2.153,False
AST-0128,18,12.81,73.93,659.44,22.34,2.168,False
AST-0128,19,12.791,69.85,671.66,24.23,2.147,False
AST-0128,20,12.767,73.15,685.31,28.87,2.144,False
AST-0128,21,12.753,69.88,686.99,30.15,2.179,False
AST-0128,22,12.735,74.0,681.38,32.69,2.165,False
AST-0128,23,12.723,71.13,703.99,31.27,2.222,False
AST-0128,24,12.691,74.59,723.7,31.31,2.15,False
AST-0128,25,12.666,76.87,712.82,32.41,2.171,False
AST-0128,26,12.637,74.07,700.43,26.45,2.146,False
AST-0128,27,12.601,76.51,691.43,26.68,1.998,False
AST-0128,28,12.575,76.25,696.59,23.23,2.17,False
AST-0128,29,12.565,75.09,671.21,21.49,2.203,False
AST-0128,30,12.529,75.1,674.42,23.67,2.163,False
AST-0128,31,12.514,73.17,658.03,24.98,2.059,False
AST-0128,32,12.503,71.44,676.42,29.18,2.14,False
AST-0128,33,12.477,71.7,681.28,30.38,2.092,False
AST-0128,34,12.448,68.36,702.82,30.72,2.093,False
AST-0128,35,12.424,71.85,707.3,32.99,2.202,False
AST-0129,0,10.024,68.55,782.09,33.66,1.485,False
AST-0129,1,9.988,67.02,784.32,32.28,1.439,False
AST-0129,2,9.971,67.65,791.2,31.61,1.495,False
AST-0129,3,9.948,69.39,790.67,27.61,1.383,False
AST-0129,4,9.914,70.66,741.55,25.52,1.537,False
AST-0129,5,9.887,70.01,760.39,25.82,1.5,False
AST-0129,6,9.854,66.57,740.36,25.05,1.522,False
AST-0129,7,9.82,65.56,746.47,26.11,1.505,False
AST-0129,8,9.795,68.84,735.35,29.28,1.511,False
AST-0129,9,9.781,64.94,752.01,30.25,1.54,False
AST-0129,10,9.766,63.75,761.42,32.03,1.53,False
AST-0129,11,9.745,65.62,778.48,34.82,1.425,False
AST-0129,12,9.732,68.19,774.35,32.84,1.491,False
AST-0129,13,9.707,67.32,790.17,32.79,1.551,False
AST-0129,14,9.688,67.74,770.63,30.39,1.532,False
AST-0129,15,9.661,69.9,786.15,28.38,1.379,False
AST-0129,16,9.634,68.96,764.07,25.55,1.467,False
AST-0129,17,9.617,67.1,772.46,24.67,1.605,False
AST-0129,18,9.587,65.57,749.15,25.12,1.46,False
AST-0129,19,9.558,66.32,734.82,26.98,1.52,False
AST-0129,20,9.541,65.23,724.66,29.13,1.574,False
AST-0129,21,9.508,64.98,742.98,32.2,1.542,False
AST-0129,22,9.491,64.6,777.0,33.13,1.49,False
AST-0129,23,9.466,67.23,778.4,34.22,1.491,False
AST-0129,24,9.451,68.97,801.37,32.35,1.521,False
AST-0129,25,9.439,67.96,782.37,34.39,1.575,False
AST-0129,26,9.429,70.92,791.38,31.31,1.439,False
AST-0129,27,9.412,71.1,778.6,29.41,1.515,False
AST-0129,28,9.386,69.61,757.56,27.44,1.572,False
AST-0129,29,9.355,71.74,771.36,24.31,1.488,False
AST-0129,30,9.323,69.03,763.83,25.75,1.51,False
AST-0129,31,9.295,64.72,753.44,25.93,1.518,False
AST-0129,32,9.267,65.06,759.52,30.89,1.487,False
AST-0129,33,9.228,65.17,737.33,30.96,1.53,False
AST-0129,34,9.189,67.35,761.32,32.64,1.474,False
AST-0129,35,9.149,64.11,784.76,35.96,1.533,False
AST-0130,0,10.155,50.33,638.26,42.96,2.639,False
AST-0130,1,10.142,55.69,641.04,41.15,2.593,False
AST-0130,2,10.121,57.75,635.91,41.03,2.628,False
AST-0130,3,10.128,54.47,638.27,36.23,2.614,False
AST-0130,4,10.132,54.35,635.22,36.3,2.739,False
AST-0130,5,10.131,53.59,622.51,33.35,2.666,False
AST-0130,6,10.122,56.5,596.03,34.47,2.661,False
AST-0130,7,10.107,53.88,626.17,36.09,2.551,False
AST-0130,8,10.093,50.14,608.5,37.62,2.639,False
AST-0130,9,10.072,48.18,608.21,39.06,2.738,False
AST-0130,10,10.086,50.39,620.35,41.89,2.697,False
AST-0130,11,10.076,50.63,626.96,43.59,2.623,False
AST-0130,12,10.064,50.79,633.37,43.08,2.724,False
AST-0130,13,10.057,55.19,643.09,42.55,2.667,False
AST-0130,14,10.064,54.48,644.64,39.54,2.766,False
AST-0130,15,10.058,55.97,637.31,38.22,2.689,False
AST-0130,16,10.036,57.94,627.7,32.88,2.638,False
AST-0130,17,10.019,51.93,607.26,34.69,2.721,False
AST-0130,18,10.001,53.77,616.93,34.17,2.67,False
AST-0130,19,9.987,49.71,611.36,35.24,2.664,False
AST-0130,20,9.985,51.04,613.9,39.19,2.588,False
AST-0130,21,9.988,48.49,628.99,41.99,2.596,False
AST-0130,22,9.969,48.05,612.88,40.99,2.641,False
AST-0130,23,9.962,48.55,619.02,43.81,2.677,False
AST-0130,24,9.968,54.62,628.71,43.1,2.58,False
AST-0130,25,9.981,54.13,653.51,42.08,2.622,False
AST-0130,26,9.977,53.75,640.9,38.96,2.625,False
AST-0130,27,9.981,53.53,629.68,36.62,2.64,False
AST-0130,28,9.986,54.21,620.18,33.93,2.701,False
AST-0130,29,9.984,56.23,619.42,32.24,2.484,False
AST-0130,30,9.972,54.43,590.69,34.68,2.677,False
AST-0130,31,9.955,53.62,609.03,36.13,2.629,False
AST-0130,32,9.962,50.28,611.75,39.51,2.622,False
AST-0130,33,9.957,51.57,605.31,41.38,2.641,False
AST-0130,34,9.952,52.47,612.99,41.16,2.666,False
AST-0130,35,9.93,53.9,643.68,43.54,2.729,False
AST-0131,0,12.4,73.73,627.97,21.11,1.572,False
AST-0131,1,12.381,76.93,623.44,20.77,1.591,False
AST-0131,2,12.363,75.03,636.31,18.0,1.541,False
AST-0131,3,12.344,77.64,634.94,16.13,1.599,False
AST-0131,4,12.326,74.24,608.2,12.88,1.567,False
AST-0131,5,12.321,73.28,612.67,11.2,1.547,False
AST-0131,6,12.312,75.17,584.69,12.47,1.543,False
AST-0131,7,12.299,71.97,606.32,13.43,1.546,False
AST-0131,8,12.266,70.78,608.65,16.36,1.64,False
AST-0131,9,12.242,68.35,587.44,20.16,1.634,False
AST-0131,10,12.239,71.64,602.9,20.35,1.556,False
AST-0131,11,12.228,72.06,631.58,23.12,1.615,False
AST-0131,12,12.211,72.65,636.3,20.51,1.587,False
AST-0131,13,12.193,73.43,630.06,19.23,1.541,False
AST-0131,14,12.199,73.4,639.9,17.63,1.545,False
AST-0131,15,12.187,75.64,617.06,16.84,1.592,False
AST-0131,16,12.164,73.33,609.09,13.39,1.581,False
AST-0131,17,12.151,76.42,612.97,12.18,1.597,False
AST-0131,18,12.153,74.03,601.54,13.05,1.584,False
AST-0131,19,12.143,74.21,584.23,14.01,1.615,False
AST-0131,20,12.118,70.4,597.49,16.36,1.552,False
AST-0131,21,12.108,67.08,595.24,19.22,1.562,False
AST-0131,22,12.08,70.43,596.32,19.8,1.579,False
AST-0131,23,12.065,74.14,626.69,22.04,1.529,False
AST-0131,24,12.05,73.87,638.19,22.46,1.587,False
AST-0131,25,12.036,76.71,625.19,19.7,1.643,False
AST-0131,26,12.032,75.49,645.78,15.21,1.586,False
AST-0131,27,12.015,75.98,634.5,14.98,1.631,False
AST-0131,28,11.997,75.57,618.8,13.51,1.523,False
AST-0131,29,11.981,74.38,598.0,11.41,1.644,False
AST-0131,30,11.951,73.7,585.93,12.66,1.521,False
AST-0131,31,11.935,73.29,608.44,12.38,1.558,False
AST-0131,32,11.895,70.25,583.16,18.78,1.544,False
AST-0131,33,11.889,70.72,603.74,18.26,1.556,False
AST-0131,34,11.857,71.41,607.51,20.86,1.619,False
AST-0131,35,11.85,73.68,620.13,20.37,1.49,False
AST-0132,0,8.495,76.32,246.89,25.88,1.589,False
AST-0132,1,8.488,78.37,259.03,21.66,1.709,False
AST-0132,2,8.475,79.37,267.73,22.07,1.745,False
AST-0132,3,8.461,80.01,252.09,17.98,1.72,False
AST-0132,4,8.462,77.94,254.1,15.49,1.621,False
AST-0132,5,8.447,79.49,251.41,15.24,1.672,False
AST-0132,6,8.425,79.91,222.38,18.38,1.66,False
AST-0132,7,8.401,74.7,224.76,18.72,1.568,False
AST-0132,8,8.376,75.25,231.38,20.93,1.679,False
AST-0132,9,8.372,72.6,234.03,23.41,1.553,False
AST-0132,10,8.355,75.28,240.44,24.54,1.685,False
AST-0132,11,8.328,74.53,243.6,27.53,1.721,False
AST-0132,12,8.307,75.87,268.6,24.8,1.702,False
AST-0132,13,8.298,77.96,277.72,23.02,1.625,False
AST-0132,14,8.282,76.6,260.15,23.35,1.762,False
AST-0132,15,8.274,78.68,274.4,19.89,1.732,False
AST-0132,16,8.269,77.54,239.56,16.53,1.625,False
AST-0132,17,8.245,78.07,248.6,16.4,1.625,False
AST-0132,18,8.242,72.9,235.18,17.6,1.662,False
AST-0132,19,8.238,76.61,230.53,18.52,1.659,False
AST-0132,20,8.231,74.14,222.42,20.23,1.745,False
AST-0132,21,8.238,72.56,224.76,23.07,1.588,False
AST-0132,22,8.223,73.05,246.13,25.13,1.652,False
AST-0132,23,8.119,75.38,256.93,27.23,1.631,False
AST-0132,24,8.014,76.13,249.77,24.96,1.718,False
AST-0132,25,7.902,76.06,270.45,24.04,1.819,False
AST-0132,26,7.794,78.84,262.06,21.59,1.825,False
AST-0132,27,7.681,79.32,241.03,19.1,1.818,False
AST-0132,28,7.57,77.87,234.88,19.01,2.028,False
AST-0132,29,7.461,75.0,243.07,17.18,2.0,False
AST-0132,30,7.355,73.29,230.68,16.38,2.011,False
AST-0132,31,7.242,76.09,215.13,17.17,2.014,False
AST-0132,32,7.138,71.98,236.22,20.7,1.898,False
AST-0132,33,7.023,70.59,240.43,22.47,2.268,False
AST-0132,34,6.934,72.54,248.96,25.32,2.532,False
AST-0132,35,6.832,72.74,277.42,26.85,2.486,False
AST-0133,0,12.698,48.22,309.92,49.4,1.189,False
AST-0133,1,12.699,49.84,292.88,45.24,1.067,False
AST-0133,2,12.701,53.64,314.54,44.11,1.154,False
AST-0133,3,12.7,52.75,296.13,42.7,1.043,False
AST-0133,4,12.695,51.29,273.61,38.8,1.08,False
AST-0133,5,12.7,52.19,286.64,37.86,1.105,False
AST-0133,6,12.69,49.59,259.47,39.47,1.074,False
AST-0133,7,12.682,49.25,282.39,39.71,1.095,False
AST-0133,8,12.661,46.93,262.32,42.93,1.098,False
AST-0133,9,12.644,47.43,280.13,44.75,1.056,False
AST-0133,10,12.634,48.07,287.16,46.65,1.126,False
AST-0133,11,12.634,48.2,280.55,47.36,1.17,False
AST-0133,12,12.606,50.14,306.37,47.74,1.075,False
AST-0133,13,12.586,52.15,294.67,46.64,1.054,False
AST-0133,14,12.564,50.27,322.55,44.37,1.069,False
AST-0133,15,12.565,51.65,294.63,40.94,1.046,False
AST-0133,16,12.572,50.16,271.21,40.95,1.113,False
AST-0133,17,12.566,51.73,285.68,38.78,1.175,False
AST-0133,18,12.554,50.52,256.94,38.85,1.0,False
AST-0133,19,12.551,47.46,259.04,40.96,1.048,False
AST-0133,20,12.54,45.66,271.79,43.87,1.111,False
AST-0133,21,12.512,47.43,259.81,45.64,1.081,False
AST-0133,22,12.526,45.08,282.69,46.59,1.075,False
AST-0133,23,12.525,47.53,300.46,47.44,1.06,False
AST-0133,24,12.528,49.66,306.31,47.09,1.123,False
AST-0133,25,12.536,51.23,315.01,44.35,1.193,False
AST-0133,26,12.535,52.27,309.17,43.54,1.108,False
AST-0133,27,12.506,52.49,296.81,40.95,1.12,False
AST-0133,28,12.476,53.33,269.86,39.45,1.175,False
AST-0133,29,12.46,51.41,264.72,34.11,1.138,False
AST-0133,30,12.432,48.5,261.97,36.62,1.121,False
AST-0133,31,12.421,46.54,255.32,41.38,1.246,False
AST-0133,32,12.409,46.01,278.85,42.49,1.269,False
AST-0133,33,12.393,46.21,283.35,44.61,1.231,False
AST-0133,34,12.398,44.34,281.66,47.28,1.203,False
AST-0133,35,12.378,47.45,289.68,49.55,1.209,False
AST-0134,0,9.923,68.25,262.16,38.31,2.398,False
AST-0134,1,9.897,69.75,279.76,36.44,2.267,False
AST-0134,2,9.865,71.44,272.07,33.87,2.245,False
AST-0134,3,9.832,69.72,237.49,32.19,2.287,False
AST-0134,4,9.804,70.12,263.72,30.14,2.345,False
AST-0134,5,9.783,68.87,247.66,29.9,2.241,False
AST-0134,6,9.768,69.7,211.88,30.37,2.336,False
AST-0134,7,9.745,68.39,227.18,29.79,2.255,False
AST-0134,8,9.706,67.64,239.11,33.51,2.244,False
AST-0134,9,9.688,65.04,249.09,37.59,2.291,False
AST-0134,10,9.549,67.29,247.39,37.85,2.294,False
AST-0134,11,9.38,65.23,237.65,39.27,2.335,False
AST-0134,12,9.216,67.26,268.93,38.41,2.417,False
AST-0134,13,9.064,71.11,257.97,36.06,2.4,False
AST-0134,14,8.912,70.25,255.6,33.66,2.513,False
AST-0134,15,8.757,68.95,255.6,31.74,2.524,False
AST-0134,16,8.612,68.24,216.84,31.8,2.687,False
AST-0134,17,8.465,68.77,238.74,29.11,2.54,False
AST-0134,18,8.31,67.16,227.74,29.53,2.847,False
AST-0134,19,8.166,67.02,241.54,30.09,2.714,False
AST-0134,20,8.019,63.5,226.1,35.25,2.617,False
AST-0134,21,7.87,63.95,214.33,35.11,2.867,False
AST-0134,22,7.727,64.54,254.12,38.29,2.884,False
AST-0134,23,7.566,66.99,249.29,40.02,3.172,False
AST-0134,24,7.433,68.18,267.73,38.57,2.75,False
AST-0134,25,7.282,66.26,232.22,37.51,2.607,False
AST-0134,26,7.129,67.54,268.55,34.88,2.948,False
AST-0134,27,6.979,71.06,258.18,31.82,3.162,False
AST-0134,28,6.838,70.23,264.5,31.93,3.191,False
AST-0134,29,6.663,69.28,239.89,30.15,2.626,False
AST-0134,30,6.514,67.05,229.32,30.06,3.005,False
AST-0134,31,6.358,64.86,236.33,31.36,3.069,False
AST-0134,32,6.209,60.71,225.53,33.33,3.113,False
AST-0134,33,6.059,61.67,234.74,36.18,3.067,False
AST-0134,34,5.905,62.8,239.35,39.1,2.73,False
AST-0134,35,5.747,61.13,257.69,39.03,2.772,False
AST-0135,0,6.898,71.08,553.45,30.32,1.551,False
AST-0135,1,6.879,75.46,551.65,27.34,1.408,False
AST-0135,2,6.869,77.69,547.26,26.45,1.478,False
AST-0135,3,6.861,75.19,562.74,24.62,1.473,False
AST-0135,4,6.856,77.62,538.71,22.85,1.34,False
AST-0135,5,6.824,75.93,540.61,20.5,1.384,False
AST-0135,6,6.817,76.38,537.03,21.86,1.442,False
AST-0135,7,6.822,69.13,531.13,23.47,1.373,False
AST-0135,8,6.805,70.13,529.9,25.56,1.437,False
AST-0135,9,6.798,71.38,530.11,28.05,1.469,False
AST-0135,10,6.801,132.78,537.49,30.39,4.201,True
AST-0135,11,6.795,71.98,554.27,31.6,1.389,False
AST-0135,12,6.794,75.06,541.24,31.0,1.363,False
AST-0135,13,6.79,72.29,573.07,26.68,1.437,False
AST-0135,14,6.768,73.7,556.28,27.85,1.496,False
AST-0135,15,6.734,75.75,558.2,23.87,1.34,False
AST-0135,16,6.746,75.33,529.93,22.66,1.4,False
AST-0135,17,6.729,74.11,530.18,20.34,1.496,False
AST-0135,18,6.727,70.64,551.95,23.73,1.511,False
AST-0135,19,6.724,72.61,514.75,22.41,1.512,False
AST-0135,20,6.727,72.34,520.16,23.85,1.382,False
AST-0135,21,6.717,70.77,545.14,28.14,1.415,False
AST-0135,22,6.699,70.59,545.65,29.9,1.381,False
AST-0135,23,6.664,72.45,537.69,32.01,1.378,False
AST-0135,24,6.623,73.06,560.02,31.26,1.478,False
AST-0135,25,6.587,73.67,567.27,29.62,1.484,False
AST-0135,26,6.553,76.14,553.56,26.22,1.613,False
AST-0135,27,6.509,73.47,546.56,21.19,1.638,False
AST-0135,28,6.453,73.77,534.53,23.52,1.718,False
AST-0135,29,6.401,75.46,528.93,21.61,1.752,False
AST-0135,30,6.349,71.48,519.63,21.58,1.61,False
AST-0135,31,6.303,71.88,520.76,21.76,1.828,False
AST-0135,32,6.262,68.3,528.33,29.31,1.656,False
AST-0135,33,6.241,71.35,536.27,28.11,2.065,False
AST-0135,34,6.182,69.2,536.6,29.84,1.784,False
AST-0135,35,6.154,71.86,563.87,30.6,2.124,False
AST-0136,0,6.572,66.33,240.38,42.77,1.104,False
AST-0136,1,6.543,67.88,243.0,41.45,1.126,False
AST-0136,2,6.512,69.45,218.63,39.75,1.092,False
AST-0136,3,6.499,72.26,204.34,37.63,1.128,False
AST-0136,4,6.453,69.5,195.64,33.73,1.133,False
AST-0136,5,6.432,63.66,223.7,33.75,0.995,False
AST-0136,6,6.402,65.64,193.18,33.07,1.09,False
AST-0136,7,6.368,61.41,200.86,35.82,1.115,False
AST-0136,8,6.328,65.55,196.84,37.67,1.145,False
AST-0136,9,6.311,61.56,210.21,39.18,1.01,False
AST-0136,10,6.281,65.86,210.25,42.18,1.115,False
AST-0136,11,6.263,65.13,215.48,42.43,1.097,False
AST-0136,12,6.252,65.93,15.48,42.09,1.146,True
AST-0136,13,6.217,68.82,238.12,39.81,1.101,False
AST-0136,14,6.197,68.96,221.56,37.82,1.056,False
AST-0136,15,6.179,68.08,230.44,35.7,1.107,False
AST-0136,16,6.162,71.79,212.25,32.04,1.124,False
AST-0136,17,6.134,67.5,214.61,33.15,1.095,False
AST-0136,18,6.13,64.14,193.2,31.99,1.083,False
AST-0136,19,6.095,64.5,196.17,34.95,1.054,False
AST-0136,20,6.057,61.71,216.71,37.08,1.069,False
AST-0136,21,6.026,63.02,39.39,41.48,1.076,True
AST-0136,22,6.014,62.84,227.59,42.83,1.151,False
AST-0136,23,5.985,64.2,250.17,44.01,1.106,False
AST-0136,24,5.959,67.18,226.54,44.14,1.041,False
AST-0136,25,5.942,67.69,248.14,39.41,1.098,False
AST-0136,26,5.919,66.56,237.67,38.27,1.144,False
AST-0136,27,5.893,70.47,242.91,35.22,1.179,False
AST-0136,28,5.877,69.18,218.5,32.74,1.052,False
AST-0136,29,5.849,69.85,204.94,32.45,1.023,False
AST-0136,30,5.819,65.52,193.52,34.8,1.098,False
AST-0136,31,5.8,64.02,203.8,33.91,1.111,False
AST-0136,32,5.775,65.11,13.92,38.66,1.08,True
AST-0136,33,5.754,62.28,232.91,40.03,1.16,False
AST-0136,34,5.712,62.96,217.86,40.47,1.163,False
AST-0136,35,5.698,66.39,214.08,43.83,1.092,False
AST-0137,0,12.728,51.49,497.18,42.96,1.558,False
AST-0137,1,12.699,55.24,511.64,39.88,1.541,False
AST-0137,2,12.676,52.37,511.29,37.06,1.562,False
AST-0137,3,12.653,56.18,496.97,34.82,1.614,False
AST-0137,4,12.654,54.91,490.28,33.68,1.484,False
AST-0137,5,12.64,55.29,461.64,32.63,1.498,False
AST-0137,6,12.631,55.23,471.18,31.06,1.493,False
AST-0137,7,12.621,52.49,471.43,30.18,1.583,False
AST-0137,8,12.612,52.87,480.05,36.51,1.556,False
AST-0137,9,12.586,52.49,473.63,37.83,1.507,False
AST-0137,10,12.574,49.04,486.78,39.0,1.524,False
AST-0137,11,12.56,52.93,499.71,43.69,1.494,False
AST-0137,12,12.546,53.41,487.54,39.85,1.52,False
AST-0137,13,12.537,53.68,500.35,40.52,1.466,False
AST-0137,14,12.53,95.52,505.78,36.69,4.858,True
AST-0137,15,12.549,57.49,500.31,36.01,1.629,False
AST-0137,16,12.543,59.01,472.36,30.51,1.613,False
AST-0137,17,12.55,52.62,479.7,30.64,1.484,False
AST-0137,18,12.516,53.37,465.02,32.85,1.492,False
AST-0137,19,12.531,51.54,472.2,33.61,1.56,False
AST-0137,20,12.505,50.84,468.34,35.98,1.507,False
AST-0137,21,12.481,49.58,468.14,38.03,1.453,False
AST-0137,22,12.463,49.5,492.79,40.2,1.443,False
AST-0137,23,12.449,52.95,501.4,40.52,1.494,False
AST-0137,24,12.418,53.25,493.91,42.72,1.489,False
AST-0137,25,12.41,55.06,493.88,39.01,1.489,False
AST-0137,26,12.396,57.07,492.87,36.75,1.551,False
AST-0137,27,12.399,56.63,486.03,35.32,1.613,False
AST-0137,28,12.393,56.15,484.26,33.36,1.524,False
AST-0137,29,12.391,52.87,466.76,30.95,1.539,False
AST-0137,30,12.385,51.64,459.5,31.38,1.482,False
AST-0137,31,12.359,49.89,474.57,34.29,1.529,False
AST-0137,32,12.348,51.16,466.82,36.07,1.543,False
AST-0137,33,12.331,49.15,466.16,37.9,1.502,False
AST-0137,34,12.324,51.53,485.07,40.12,1.585,False
AST-0137,35,12.311,51.53,493.46,39.94,1.479,False
AST-0138,0,6.419,84.62,315.75,55.54,1.984,False
AST-0138,1,6.399,82.35,330.88,54.0,2.042,False
AST-0138,2,6.391,85.05,321.57,51.61,2.045,False
AST-0138,3,6.361,86.33,314.33,48.01,2.088,False
AST-0138,4,6.348,84.98,311.44,46.62,2.043,False
AST-0138,5,6.339,83.35,297.75,45.08,2.035,False
AST-0138,6,6.329,85.74,296.41,45.26,2.13,False
AST-0138,7,6.294,81.81,292.42,47.76,2.085,False
AST-0138,8,6.289,80.89,299.44,48.97,2.149,False
AST-0138,9,6.279,79.29,314.8,53.65,2.129,False
AST-0138,10,6.258,80.9,304.28,54.81,2.127,False
AST-0138,11,6.246,79.51,332.58,57.26,2.092,False
AST-0138,12,6.228,81.61,310.68,53.85,2.072,False
AST-0138,13,6.219,84.31,335.53,52.98,2.036,False
AST-0138,14,6.196,85.47,327.54,52.65,2.214,False
AST-0138,15,6.175,84.2,321.46,48.61,2.117,False
AST-0138,16,6.159,86.48,326.9,48.12,2.135,False
AST-0138,17,6.148,85.56,290.07,45.44,2.161,False
AST-0138,18,6.132,83.51,289.2,43.93,2.009,False
AST-0138,19,6.126,81.31,274.72,47.01,2.072,False
AST-0138,20,6.1,79.28,292.26,48.73,2.075,False
AST-0138,21,6.086,81.95,304.53,52.95,2.059,False
AST-0138,22,6.086,78.43,315.97,56.22,2.018,False
AST-0138,23,6.087,80.01,318.74,55.09,1.976,False
AST-0138,24,6.073,81.32,325.08,55.09,2.093,False
AST-0138,25,6.055,85.89,313.76,52.83,2.114,False
AST-0138,26,6.041,84.87,320.66,50.61,2.009,False
AST-0138,27,6.016,85.71,327.27,48.06,2.044,False
AST-0138,28,5.997,85.4,314.68,45.27,2.057,False
AST-0138,29,5.973,85.73,308.0,45.28,1.987,False
AST-0138,30,5.952,84.17,284.88,45.11,2.029,False
AST-0138,31,5.956,80.68,287.47,47.63,2.055,False
AST-0138,32,5.947,79.54,296.25,50.16,2.23,False
AST-0138,33,5.928,79.51,292.82,54.27,2.122,False
AST-0138,34,5.924,80.17,300.85,53.19,2.078,False
AST-0138,35,5.908,82.57,324.87,55.46,2.147,False
AST-0139,0,8.214,76.66,472.17,57.49,1.159,False
AST-0139,1,8.199,76.93,456.55,55.35,1.212,False
AST-0139,2,8.182,74.94,459.99,52.66,1.238,False
AST-0139,3,8.161,76.68,468.89,49.52,1.159,False
AST-0139,4,8.137,76.17,438.23,46.84,1.164,False
AST-0139,5,8.121,75.77,455.25,47.17,1.22,False
AST-0139,6,8.126,73.38,46.34,46.75,1.189,True
AST-0139,7,8.133,73.97,420.73,49.06,1.074,False
AST-0139,8,8.14,70.22,423.71,51.94,1.16,False
AST-0139,9,8.131,73.07,445.75,53.67,1.135,False
AST-0139,10,8.109,73.26,461.37,57.08,1.185,False
AST-0139,11,8.082,72.42,464.34,55.81,1.097,False
AST-0139,12,8.066,74.3,470.37,55.73,1.147,False
AST-0139,13,8.059,77.14,477.27,57.02,1.183,False
AST-0139,14,8.03,75.96,472.16,53.11,1.18,False
AST-0139,15,8.02,75.64,489.44,51.11,1.171,False
AST-0139,16,8.02,78.52,448.15,48.86,1.19,False
AST-0139,17,8.025,78.5,441.07,49.56,1.234,False
AST-0139,18,7.971,77.09,456.96,47.7,1.245,False
AST-0139,19,7.921,71.35,419.74,51.55,1.234,False
AST-0139,20,7.87,74.64,421.68,52.3,1.296,False
AST-0139,21,7.813,69.84,447.87,54.57,1.262,False
AST-0139,22,7.763,68.72,432.94,57.75,1.313,False
AST-0139,23,7.695,71.86,458.35,56.54,1.561,False
AST-0139,24,7.641,74.3,455.85,55.98,1.279,False
AST-0139,25,7.575,129.64,476.88,56.56,5.402,True
AST-0139,26,7.515,76.77,463.79,54.69,1.647,False
AST-0139,27,7.452,78.23,459.17,50.66,1.473,False
AST-0139,28,7.385,78.53,444.47,47.25,2.028,False
AST-0139,29,7.315,75.87,426.47,46.3,1.819,False
AST-0139,30,7.247,75.18,435.87,47.3,1.843,False
AST-0139,31,7.196,71.23,449.01,48.19,1.702,False
AST-0139,32,7.137,69.5,423.72,52.16,1.949,False
AST-0139,33,7.089,70.1,432.12,54.81,1.514,False
AST-0139,34,7.039,69.05,455.21,57.44,1.816,False
AST-0139,35,6.981,68.63,476.56,57.54,1.84,False
AST-0140,0,8.665,80.44,572.45,46.5,1.802,False
AST-0140,1,8.649,83.77,583.3,44.82,1.774,False
AST-0140,2,8.633,85.19,583.54,41.11,1.785,False
AST-0140,3,8.62,87.18,581.27,40.56,1.805,False
AST-0140,4,8.628,85.37,560.57,38.5,1.802,False
AST-0140,5,8.638,85.17,61.18,36.14,1.764,True
AST-0140,6,8.616,83.97,556.92,37.11,1.84,False
AST-0140,7,8.609,82.31,536.87,39.72,1.863,False
AST-0140,8,8.602,146.63,542.34,41.37,6.837,True
AST-0140,9,8.609,79.06,543.45,45.19,1.753,False
AST-0140,10,8.595,82.45,544.16,44.33,1.779,False
AST-0140,11,8.585,81.15,577.16,47.13,1.813,False
AST-0140,12,8.584,86.71,574.06,45.62,1.799,False
AST-0140,13,8.566,86.2,573.81,46.2,1.859,False
AST-0140,14,8.558,87.27,589.12,40.98,1.822,False
AST-0140,15,8.555,85.91,581.95,40.48,1.924,False
AST-0140,16,8.544,86.83,570.5,39.31,1.823,False
AST-0140,17,8.542,85.48,562.65,35.6,1.76,False
AST-0140,18,8.546,82.08,555.13,37.26,1.803,False
AST-0140,19,8.548,80.37,556.91,39.37,1.852,False
AST-0140,20,8.54,80.12,546.0,42.39,1.828,False
AST-0140,21,8.524,79.2,548.34,43.66,1.856,False
AST-0140,22,8.514,82.69,541.0,45.5,1.792,False
AST-0140,23,8.499,82.27,556.62,47.41,1.825,False
AST-0140,24,8.493,84.33,593.96,45.49,1.858,False
AST-0140,25,8.497,83.45,586.62,45.06,1.803,False
AST-0140,26,8.487,86.53,575.33,41.47,1.903,False
AST-0140,27,8.462,85.96,564.58,39.53,1.872,False
AST-0140,28,8.459,86.91,554.18,36.6,1.825,False
AST-0140,29,8.45,81.24,542.5,37.01,1.742,False
AST-0140,30,8.44,84.82,534.85,37.22,1.806,False
AST-0140,31,8.419,82.0,538.9,39.5,1.74,False
AST-0140,32,8.4,81.38,547.45,41.23,1.861,False
AST-0140,33,8.391,80.81,549.4,45.18,1.928,False
AST-0140,34,8.377,79.97,569.97,45.59,1.976,False
AST-0140,35,8.347,83.76,558.55,49.33,1.772,False
AST-0141,0,7.35,76.46,722.75,26.2,2.28,False
AST-0141,1,7.344,77.6,743.29,24.53,2.294,False
AST-0141,2,7.34,81.95,737.42,19.74,2.349,False
AST-0141,3,7.337,78.72,733.4,19.56,2.307,False
AST-0141,4,7.323,81.59,733.3,17.94,2.258,False
AST-0141,5,7.315,77.55,744.81,16.26,2.278,False
AST-0141,6,7.318,75.5,712.12,16.08,2.267,False
AST-0141,7,7.32,74.34,701.61,16.83,2.359,False
AST-0141,8,7.307,76.16,712.34,22.01,2.276,False
AST-0141,9,7.297,74.45,724.07,24.11,2.313,False
AST-0141,10,7.277,75.04,737.45,23.67,2.494,False
AST-0141,11,7.277,74.88,763.7,25.39,2.33,False
AST-0141,12,7.281,78.09,743.09,25.76,2.339,False
AST-0141,13,7.288,78.5,752.31,23.91,2.436,False
AST-0141,14,7.307,79.53,750.04,21.24,2.272,False
AST-0141,15,7.279,80.71,742.33,21.06,2.264,False
AST-0141,16,7.286,80.96,723.05,17.4,2.405,False
AST-0141,17,7.302,78.79,729.08,16.93,2.381,False
AST-0141,18,7.297,76.24,705.43,15.92,2.331,False
AST-0141,19,7.3,76.58,707.0,18.48,2.267,False
AST-0141,20,7.302,71.78,725.23,19.84,2.295,False
AST-0141,21,7.291,74.73,728.06,22.54,2.305,False
AST-0141,22,7.269,75.1,722.47,25.35,2.299,False
AST-0141,23,7.282,75.63,742.8,25.69,2.352,False
AST-0141,24,7.29,76.0,744.18,25.5,2.268,False
AST-0141,25,7.309,78.92,742.13,21.9,2.339,False
AST-0141,26,7.304,80.23,753.99,19.17,2.352,False
AST-0141,27,7.28,79.58,732.9,20.29,2.333,False
AST-0141,28,7.28,80.24,723.86,16.93,2.29,False
AST-0141,29,7.269,75.51,724.26,16.4,2.284,False
AST-0141,30,7.256,75.79,722.37,15.42,2.281,False
AST-0141,31,7.245,75.78,713.17,18.2,2.268,False
AST-0141,32,7.234,76.93,721.72,20.79,2.247,False
AST-0141,33,7.223,75.37,732.98,24.68,2.252,False
AST-0141,34,7.216,73.25,721.55,26.3,2.257,False
AST-0141,35,7.226,75.83,754.45,27.2,2.36,False
AST-0142,0,8.483,73.29,679.93,43.75,1.145,False
AST-0142,1,8.47,78.27,703.41,42.57,1.215,False
AST-0142,2,8.458,78.24,685.58,38.53,1.265,False
AST-0142,3,8.433,77.91,696.97,36.27,1.264,False
AST-0142,4,8.433,77.1,684.85,36.91,1.242,False
AST-0142,5,8.425,77.63,660.27,33.99,1.195,False
AST-0142,6,8.39,76.82,656.97,33.91,1.239,False
AST-0142,7,8.362,74.09,648.83,36.8,1.263,False
AST-0142,8,8.345,71.65,681.82,37.99,1.157,False
AST-0142,9,8.33,73.81,673.47,40.22,1.168,False
AST-0142,10,8.304,73.32,669.04,43.64,1.149,False
AST-0142,11,8.299,74.0,684.29,43.34,1.227,False
AST-0142,12,8.292,74.79,695.67,43.89,1.137,False
AST-0142,13,8.279,76.52,692.4,43.81,1.195,False
AST-0142,14,8.261,80.5,689.8,39.38,1.191,False
AST-0142,15,8.246,76.01,677.79,37.21,1.233,False
AST-0142,16,8.231,77.94,666.87,35.18,1.229,False
AST-0142,17,8.211,75.14,653.83,33.71,1.274,False
AST-0142,18,8.197,75.24,668.54,36.75,1.185,False
AST-0142,19,8.181,73.63,656.46,34.87,1.203,False
AST-0142,20,8.172,73.37,638.64,38.97,1.273,False
AST-0142,21,8.164,70.14,666.8,42.36,1.203,False
AST-0142,22,8.165,72.87,665.86,42.79,1.287,False
AST-0142,23,8.164,74.13,679.02,43.81,1.219,False
AST-0142,24,8.156,74.39,691.03,44.06,1.23,False
AST-0142,25,8.135,78.2,694.15,42.14,1.194,False
AST-0142,26,8.127,77.43,695.98,38.93,1.202,False
AST-0142,27,8.092,79.36,691.57,38.19,1.178,False
AST-0142,28,8.072,77.81,662.5,34.87,1.117,False
AST-0142,29,8.06,76.18,650.67,35.08,1.235,False
AST-0142,30,8.026,75.51,132.93,35.07,1.184,True
AST-0142,31,8.015,73.9,665.39,36.7,1.23,False
AST-0142,32,7.998,73.82,654.37,37.87,1.23,False
AST-0142,33,7.982,72.74,672.5,41.38,1.183,False
AST-0142,34,7.967,74.98,670.77,43.79,1.19,False
AST-0142,35,7.958,73.93,677.7,45.6,1.2,False
AST-0143,0,11.909,63.18,774.71,46.27,2.266,False
AST-0143,1,11.873,64.54,768.41,44.3,2.331,False
AST-0143,2,11.854,67.4,769.15,42.01,2.362,False
AST-0143,3,11.82,69.16,751.05,38.8,2.389,False
AST-0143,4,11.786,68.18,741.97,38.18,2.41,False
AST-0143,5,11.757,69.47,719.74,35.74,2.318,False
AST-0143,6,11.719,62.96,724.46,35.96,2.339,False
AST-0143,7,11.681,64.43,721.42,38.84,2.375,False
AST-0143,8,11.665,65.32,730.32,42.18,2.35,False
AST-0143,9,11.633,61.56,739.35,45.04,2.341,False
AST-0143,10,11.606,63.08,744.26,45.41,2.407,False
AST-0143,11,11.577,64.19,775.77,46.79,2.363,False
AST-0143,12,11.548,68.18,751.37,45.71,2.379,False
AST-0143,13,11.523,66.93,774.77,45.21,2.306,False
AST-0143,14,11.495,68.84,760.21,41.09,2.375,False
AST-0143,15,11.452,66.56,755.75,39.52,2.321,False
AST-0143,16,11.435,68.54,741.6,36.93,2.413,False
AST-0143,17,11.407,64.78,740.44,34.77,2.274,False
AST-0143,18,11.393,65.09,713.99,37.34,2.397,False
AST-0143,19,11.365,62.81,718.22,38.1,2.38,False
AST-0143,20,11.34,63.55,736.98,41.8,2.338,False
AST-0143,21,11.302,61.23,726.32,45.26,2.359,False
AST-0143,22,11.268,62.79,730.33,46.16,2.34,False
AST-0143,23,11.251,63.96,741.25,46.66,2.328,False
AST-0143,24,11.219,66.47,755.37,47.25,2.33,False
AST-0143,25,11.196,64.62,773.97,45.15,2.401,False
AST-0143,26,11.145,67.85,773.89,41.78,2.366,False
AST-0143,27,11.108,69.7,724.09,39.68,2.312,False
AST-0143,28,11.083,69.6,748.62,37.25,2.268,False
AST-0143,29,11.061,66.84,757.87,36.23,2.327,False
AST-0143,30,11.049,62.95,724.01,36.84,2.348,False
AST-0143,31,11.016,60.8,724.97,39.29,2.358,False
AST-0143,32,10.995,62.65,740.22,40.76,2.39,False
AST-0143,33,10.984,62.34,725.07,42.41,2.381,False
AST-0143,34,10.953,61.31,746.81,44.6,2.345,False
AST-0143,35,10.914,63.49,757.14,47.04,2.337,False
AST-0144,0,6.11,53.24,402.83,55.5,0.777,False
AST-0144,1,6.089,58.17,397.2,55.0,0.856,False
AST-0144,2,6.105,58.64,401.93,51.27,0.786,False
AST-0144,3,6.069,55.97,398.34,50.53,0.848,False
AST-0144,4,6.066,56.14,363.46,47.17,0.785,False
AST-0144,5,6.042,56.34,385.79,46.32,0.847,False
AST-0144,6,6.024,54.98,371.36,45.23,0.838,False
AST-0144,7,6.011,52.74,369.14,49.72,0.76,False
AST-0144,8,6.012,52.04,369.0,50.22,0.788,False
AST-0144,9,6.01,51.3,376.14,51.48,0.802,False
AST-0144,10,6.007,49.48,382.86,54.87,0.847,False
AST-0144,11,6.011,50.72,396.02,57.47,0.808,False
AST-0144,12,6.009,52.56,406.16,55.41,0.713,False
AST-0144,13,5.989,55.0,405.44,52.71,0.68,False
AST-0144,14,5.984,55.91,407.49,51.59,0.833,False
AST-0144,15,5.98,55.26,375.9,50.67,0.736,False
AST-0144,16,5.973,54.14,386.49,46.91,0.829,False
AST-0144,17,5.955,55.58,366.5,45.3,0.757,False
AST-0144,18,5.951,54.01,382.61,47.03,0.746,False
AST-0144,19,5.949,52.7,369.4,47.93,0.793,False
AST-0144,20,5.949,53.15,360.58,52.65,0.741,False
AST-0144,21,5.928,53.1,381.64,52.32,0.787,False
AST-0144,22,5.93,52.22,375.55,54.1,0.702,False
AST-0144,23,5.928,51.54,383.12,57.66,0.714,False
AST-0144,24,5.925,53.74,407.67,55.19,0.86,False
AST-0144,25,5.929,53.61,396.5,53.05,0.821,False
AST-0144,26,5.924,54.82,390.29,52.9,0.863,False
AST-0144,27,5.932,54.77,414.85,48.98,0.715,False
AST-0144,28,5.925,57.22,362.82,46.92,0.831,False
AST-0144,29,5.906,53.29,373.96,47.99,0.726,False
AST-0144,30,5.894,53.91,364.93,45.9,0.793,False
AST-0144,31,5.902,53.92,355.18,47.01,0.753,False
AST-0144,32,5.898,49.31,370.96,52.23,0.789,False
AST-0144,33,5.901,51.1,353.78,52.17,0.701,False
AST-0144,34,5.873,49.28,391.48,54.83,0.717,False
AST-0144,35,5.845,52.89,397.05,56.36,0.776,False
AST-0145,0,12.614,52.85,459.28,56.26,1.242,False
AST-0145,1,12.594,56.44,421.58,54.15,1.073,False
AST-0145,2,12.582,53.09,409.52,51.11,1.213,False
AST-0145,3,12.581,52.97,428.74,47.77,1.242,False
AST-0145,4,12.592,54.18,423.54,48.2,1.248,False
AST-0145,5,12.571,50.73,409.56,46.43,1.275,False
AST-0145,6,12.551,51.11,407.42,46.33,1.166,False
AST-0145,7,12.526,50.78,419.07,46.68,1.183,False
AST-0145,8,12.512,48.54,408.68,50.98,1.132,False
AST-0145,9,12.494,48.76,389.25,52.46,1.224,False
AST-0145,10,12.478,49.81,418.85,54.75,1.211,False
AST-0145,11,12.484,49.17,428.35,57.05,1.236,False
AST-0145,12,12.491,50.78,456.02,54.46,1.164,False
AST-0145,13,12.464,51.81,444.0,53.95,1.105,False
AST-0145,14,12.463,54.93,453.61,50.78,1.185,False
AST-0145,15,12.463,52.3,443.03,48.53,1.216,False
AST-0145,16,12.47,53.62,407.03,46.92,1.174,False
AST-0145,17,12.456,52.83,396.76,44.49,1.212,False
AST-0145,18,12.447,53.32,408.29,45.49,1.215,False
AST-0145,19,12.438,49.32,388.08,48.38,1.103,False
AST-0145,20,12.442,77.99,413.67,50.94,3.265,True
AST-0145,21,12.453,49.47,402.56,53.24,1.227,False
AST-0145,22,12.431,46.66,427.56,54.67,1.179,False
AST-0145,23,12.416,50.87,423.45,56.59,1.199,False
AST-0145,24,12.415,51.77,429.14,55.36,1.246,False
AST-0145,25,12.388,52.83,451.92,54.53,1.278,False
AST-0145,26,12.399,54.31,435.11,51.24,1.182,False
AST-0145,27,12.403,54.46,438.6,48.08,1.185,False
AST-0145,28,12.406,113.59,422.83,47.84,4.557,True
AST-0145,29,12.404,53.88,407.1,46.14,1.282,False
AST-0145,30,12.387,51.73,393.76,45.96,1.191,False
AST-0145,31,12.375,50.8,406.6,49.19,1.249,False
AST-0145,32,12.372,49.97,404.58,50.17,1.158,False
AST-0145,33,12.36,45.39,384.25,53.43,1.175,False
AST-0145,34,12.337,47.2,400.81,54.46,1.168,False
AST-0145,35,12.325,50.3,428.09,56.69,1.235,False
AST-0146,0,12.847,79.52,275.89,45.41,2.14,False
AST-0146,1,12.833,80.35,268.03,43.12,2.095,False
AST-0146,2,12.819,80.84,267.3,43.24,2.18,False
AST-0146,3,12.811,84.42,266.54,38.94,2.095,False
AST-0146,4,12.814,83.53,260.46,37.17,2.049,False
AST-0146,5,12.798,82.71,226.31,35.34,2.14,False
AST-0146,6,12.794,79.99,215.99,36.38,2.107,False
AST-0146,7,12.801,80.62,227.01,40.03,2.155,False
AST-0146,8,12.766,76.37,232.27,40.17,2.115,False
AST-0146,9,12.74,76.57,225.84,43.79,2.077,False
AST-0146,10,12.719,78.27,256.09,45.37,2.17,False
AST-0146,11,12.707,77.0,236.96,45.05,2.13,False
AST-0146,12,12.709,79.52,268.32,46.59,2.118,False
AST-0146,13,12.7,82.59,266.9,44.45,2.172,False
AST-0146,14,12.687,82.25,263.11,40.08,2.175,False
AST-0146,15,12.606,83.21,273.41,40.08,2.165,False
AST-0146,16,12.553,81.93,237.74,36.72,2.193,False
AST-0146,17,12.486,84.81,242.53,36.06,2.291,False
AST-0146,18,12.426,78.81,231.32,35.46,2.276,False
AST-0146,19,12.35,80.63,239.65,38.96,2.253,False
AST-0146,20,12.274,77.62,233.59,42.22,2.401,False
AST-0146,21,12.209,75.78,240.9,43.59,2.25,False
AST-0146,22,12.144,74.87,260.05,47.46,2.38,False
AST-0146,23,12.074,78.8,249.76,45.92,2.419,False
AST-0146,24,12.017,78.25,284.53,45.58,2.631,False
AST-0146,25,11.939,77.71,268.58,44.75,2.496,False
AST-0146,26,11.885,81.15,267.86,42.7,2.528,False
AST-0146,27,11.805,81.17,245.7,39.45,2.42,False
AST-0146,28,11.756,82.65,242.9,38.33,2.552,False
AST-0146,29,11.685,78.99,232.33,36.9,2.911,False
AST-0146,30,11.608,78.53,236.27,36.85,2.598,False
AST-0146,31,11.546,76.07,232.44,41.11,2.735,False
AST-0146,32,11.474,74.92,258.35,41.91,2.416,False
AST-0146,33,11.403,75.45,225.68,42.04,2.898,False
AST-0146,34,11.342,77.05,244.79,46.56,2.74,False
AST-0146,35,11.262,75.33,241.43,46.97,2.848,False
AST-0147,0,8.956,66.87,747.48,44.96,1.803,False
AST-0147,1,8.958,68.59,749.59,39.79,1.846,False
AST-0147,2,8.951,67.37,747.02,42.52,1.902,False
AST-0147,3,8.938,69.81,745.86,38.05,1.846,False
AST-0147,4,8.919,67.09,734.14,34.26,1.775,False
AST-0147,5,8.904,67.72,734.3,33.24,1.841,False
AST-0147,6,8.886,64.14,712.42,33.22,1.783,False
AST-0147,7,8.874,61.09,707.52,36.58,1.889,False
AST-0147,8,8.859,61.68,710.38,37.97,1.766,False
AST-0147,9,8.838,60.99,118.89,41.61,1.819,True
AST-0147,10,8.838,61.17,741.53,43.25,1.848,False
AST-0147,11,8.82,61.57,740.62,45.34,1.845,False
AST-0147,12,8.826,64.2,750.14,42.44,1.858,False
AST-0147,13,8.836,65.77,749.73,42.09,1.89,False
AST-0147,14,8.839,65.48,747.72,39.92,1.868,False
AST-0147,15,8.811,67.46,752.77,37.66,1.764,False
AST-0147,16,8.799,65.48,725.04,34.56,1.83,False
AST-0147,17,8.789,65.81,702.76,34.8,1.82,False
AST-0147,18,8.761,63.33,708.94,34.53,1.79,False
AST-0147,19,8.746,65.2,717.66,36.31,1.802,False
AST-0147,20,8.738,62.59,719.94,38.99,1.834,False
AST-0147,21,8.714,60.46,726.2,40.91,1.873,False
AST-0147,22,8.704,64.85,729.8,44.27,1.782,False
AST-0147,23,8.703,63.65,741.27,45.17,1.785,False
AST-0147,24,8.707,65.47,752.32,44.4,1.793,False
AST-0147,25,8.702,69.43,746.24,42.07,1.785,False
AST-0147,26,8.706,68.73,743.66,38.99,1.77,False
AST-0147,27,8.696,68.16,735.81,37.67,1.785,False
AST-0147,28,8.687,65.19,753.85,35.82,1.828,False
AST-0147,29,8.656,68.33,726.93,33.63,1.791,False
AST-0147,30,8.65,66.11,722.12,35.39,1.793,False
AST-0147,31,8.631,60.28,715.68,38.5,1.804,False
AST-0147,32,8.629,59.8,708.5,37.62,1.865,False
AST-0147,33,8.615,63.96,716.15,41.47,1.928,False
AST-0147,34,8.599,61.37,727.51,42.39,1.903,False
AST-0147,35,8.58,64.49,725.75,45.44,1.806,False
AST-0148,0,7.229,83.66,346.04,43.0,1.895,False
AST-0148,1,7.218,85.84,333.68,42.73,1.927,False
AST-0148,2,7.223,85.49,332.67,38.7,1.888,False
AST-0148,3,7.21,86.88,347.12,35.85,1.897,False
AST-0148,4,7.197,91.15,312.29,32.93,1.839,False
AST-0148,5,7.192,85.38,311.57,34.71,1.875,False
AST-0148,6,7.179,86.41,318.14,33.82,1.882,False
AST-0148,7,7.161,82.67,292.51,35.42,1.959,False
AST-0148,8,7.151,81.37,318.69,37.6,1.868,False
AST-0148,9,7.146,81.31,303.86,39.55,1.826,False
AST-0148,10,7.126,83.85,312.07,43.09,1.898,False
AST-0148,11,7.128,84.45,349.06,43.12,1.932,False
AST-0148,12,7.109,85.22,314.01,41.95,1.889,False
AST-0148,13,7.101,86.99,335.34,42.58,1.957,False
AST-0148,14,7.106,85.33,345.05,38.73,1.843,False
AST-0148,15,7.108,89.63,328.22,34.96,1.864,False
AST-0148,16,7.095,89.79,333.32,34.21,1.873,False
AST-0148,17,7.102,86.91,303.56,34.37,1.872,False
AST-0148,18,7.097,205.98,310.46,33.86,6.635,True
AST-0148,19,7.09,85.46,291.07,33.54,1.875,False
AST-0148,20,7.084,84.78,321.9,35.73,1.863,False
AST-0148,21,7.068,81.42,305.67,41.35,1.816,False
AST-0148,22,7.08,84.75,330.68,41.91,1.819,False
AST-0148,23,7.043,83.59,318.38,44.34,1.826,False
AST-0148,24,7.059,84.99,325.28,43.93,1.834,False
AST-0148,25,7.05,87.13,346.44,40.97,1.85,False
AST-0148,26,7.035,85.19,355.79,38.73,1.865,False
AST-0148,27,7.031,88.17,320.73,36.42,1.878,False
AST-0148,28,7.006,86.83,320.89,32.4,1.91,False
AST-0148,29,6.997,159.14,310.49,32.57,4.884,True
AST-0148,30,6.978,85.26,308.87,34.48,1.877,False
AST-0148,31,6.991,83.36,294.44,34.08,1.955,False
AST-0148,32,7.0,83.07,295.29,38.02,1.842,False
AST-0148,33,6.98,83.67,325.53,39.99,1.81,False
AST-0148,34,6.973,84.22,329.57,42.83,1.845,False
AST-0148,35,6.957,82.61,327.33,46.01,1.989,False
AST-0149,0,10.783,57.72,484.15,21.5,1.431,False
AST-0149,1,10.745,60.32,497.79,19.5,1.423,False
AST-0149,2,10.722,59.81,494.35,18.26,1.477,False
AST-0149,3,10.692,62.43,465.15,16.07,1.557,False
AST-0149,4,10.673,61.5,465.49,14.17,1.459,False
AST-0149,5,10.634,63.69,444.06,11.62,1.601,False
AST-0149,6,10.607,58.69,435.67,14.17,1.494,False
AST-0149,7,10.566,58.32,448.38,17.05,1.527,False
AST-0149,8,10.542,54.76,454.56,16.54,1.506,False
AST-0149,9,10.522,53.77,455.4,21.19,1.465,False
AST-0149,10,10.459,57.49,474.82,24.05,1.503,False
AST-0149,11,10.413,58.93,481.77,24.2,1.436,False
AST-0149,12,10.364,59.61,468.65,22.36,1.575,False
AST-0149,13,10.33,60.23,485.59,20.72,1.457,False
AST-0149,14,10.295,62.07,489.69,20.22,1.521,False
AST-0149,15,10.262,59.99,475.0,16.85,1.532,False
AST-0149,16,10.234,61.34,466.1,15.89,1.517,False
AST-0149,17,10.202,59.57,442.79,12.1,1.507,False
AST-0149,18,10.168,59.82,450.55,13.45,1.488,False
AST-0149,19,10.14,58.5,446.35,15.7,1.458,False
AST-0149,20,10.094,53.76,452.68,17.76,1.513,False
AST-0149,21,10.084,56.55,466.76,21.65,1.451,False
AST-0149,22,10.057,52.94,459.3,21.33,1.515,False
AST-0149,23,10.035,56.13,483.32,26.1,1.514,False
AST-0149,24,10.01,59.39,469.81,23.99,1.512,False
AST-0149,25,9.994,61.29,478.81,21.39,1.491,False
AST-0149,26,9.964,59.19,477.7,19.25,1.534,False
AST-0149,27,9.941,60.44,470.6,14.13,1.502,False
AST-0149,28,9.908,58.82,455.33,14.94,1.5,False
AST-0149,29,9.882,60.3,451.08,13.02,1.511,False
AST-0149,30,9.86,58.44,446.74,15.52,1.493,False
AST-0149,31,9.825,56.42,439.27,15.91,1.522,False
AST-0149,32,9.785,56.95,455.85,17.18,1.436,False
AST-0149,33,9.746,57.54,462.98,20.26,1.582,False
AST-0149,34,9.726,56.19,478.42,21.58,1.413,False
AST-0149,35,9.686,52.46,485.39,21.95,1.535,False
AST-0150,0,6.885,41.84,763.38,29.02,1.819,False
AST-0150,1,6.841,45.72,782.32,29.29,1.812,False
AST-0150,2,6.784,45.96,772.56,23.19,1.841,False
AST-0150,3,6.733,45.2,750.92,23.15,1.838,False
AST-0150,4,6.696,45.27,744.63,21.73,1.899,False
AST-0150,5,6.64,46.06,752.09,20.38,1.839,False
AST-0150,6,6.567,43.7,740.31,20.43,1.829,False
AST-0150,7,6.518,43.59,747.36,24.05,1.836,False
AST-0150,8,6.464,41.07,750.43,22.68,1.86,False
AST-0150,9,6.399,42.25,754.52,26.27,1.799,False
AST-0150,10,6.359,42.2,770.64,29.29,1.877,False
AST-0150,11,6.302,38.7,769.22,29.33,1.835,False
AST-0150,12,6.258,41.76,766.27,27.88,1.779,False
AST-0150,13,6.221,45.67,767.87,25.81,1.817,False
AST-0150,14,6.155,46.17,759.97,25.82,1.841,False
AST-0150,15,6.088,44.91,778.06,22.29,1.836,False
AST-0150,16,6.044,45.32,738.84,21.05,1.842,False
AST-0150,17,5.986,47.06,741.08,19.02,1.892,False
AST-0150,18,5.936,44.6,742.81,21.66,1.836,False
AST-0150,19,5.874,38.2,748.27,21.38,1.862,False
AST-0150,20,5.826,40.09,738.58,22.86,1.947,False
AST-0150,21,5.758,39.87,746.44,27.81,1.782,False
AST-0150,22,5.698,40.46,751.13,29.97,1.907,False
AST-0150,23,5.653,41.0,761.36,30.48,1.777,False
AST-0150,24,5.583,42.3,764.35,30.21,1.878,False
AST-0150,25,5.534,41.06,772.31,28.92,1.811,False
AST-0150,26,5.469,44.3,790.14,28.14,1.831,False
AST-0150,27,5.434,43.8,759.74,23.52,1.837,False
AST-0150,28,5.396,45.78,751.41,19.78,1.786,False
AST-0150,29,5.352,44.86,730.04,20.31,1.849,False
AST-0150,30,5.299,44.77,725.58,20.3,1.771,False
AST-0150,31,5.25,41.84,745.41,22.7,1.891,False
AST-0150,32,5.192,41.54,735.42,24.43,1.83,False
AST-0150,33,5.133,39.87,742.04,27.82,1.904,False
AST-0150,34,5.075,42.73,754.21,28.94,1.861,False
AST-0150,35,5.006,41.22,766.69,31.67,1.744,False
